issuer,processing_year,processing_month,processing_day,plan_year,filename,logical_filename,source_path,nested_relative,file_timestamp,parsed_timestamp,issuer_mismatch,plan_year_differs_from_processing_year,filename_parse_ok
13535,2026,01,20,2026,to_13535_INDV_MONTHLYDISCREPANCY_2026_20260120233803.OUT.good.gz,to_13535_INDV_MONTHLYDISCREPANCY_2026_20260120233803.OUT.good,/archive/out/good/PAS/13535/2026/01/20/30434_402261978611/to_13535_INDV_MONTHLYDISCREPANCY_2026_20260120233803.OUT.good.gz,30434_402261978611,20260120233803,2026-01-20 23:38:03,False,False,True
13535,2026,01,27,2025,to_13535_INDV_MONTHLYDISCREPANCY_2025_20260127221729.OUT.good.gz,to_13535_INDV_MONTHLYDISCREPANCY_2025_20260127221729.OUT.good,/archive/out/good/PAS/13535/2026/01/27/3558332_593393076201/to_13535_INDV_MONTHLYDISCREPANCY_2025_20260127221729.OUT.good.gz,3558332_593393076201,20260127221729,2026-01-27 22:17:29,False,True,True
13535,2026,02,18,2026,to_13535_INDV_MONTHLYDISCREPANCY_2026_20260218232458.OUT.good.gz,to_13535_INDV_MONTHLYDISCREPANCY_2026_20260218232458.OUT.good,/archive/out/good/PAS/13535/2026/02/18/3558332_584241337523/to_13535_INDV_MONTHLYDISCREPANCY_2026_20260218232458.OUT.good.gz,3558332_584241337523,20260218232458,2026-02-18 23:24:58,False,False,True
13535,2026,02,19,2025,to_13535_INDV_MONTHLYDISCREPANCY_2025_20260219223416.OUT.good.gz,to_13535_INDV_MONTHLYDISCREPANCY_2025_20260219223416.OUT.good,/archive/out/good/PAS/13535/2026/02/19/3558332_457079698966/to_13535_INDV_MONTHLYDISCREPANCY_2025_20260219223416.OUT.good.gz,3558332_457079698966,20260219223416,2026-02-19 22:34:16,False,True,True
13535,2026,03,18,2026,to_13535_INDV_MONTHLYDISCREPANCY_2026_20260318235849.OUT.good,to_13535_INDV_MONTHLYDISCREPANCY_2026_20260318235849.OUT.good,/archive/out/good/PAS/13535/2026/03/18/13772_371754955773/to_13535_INDV_MONTHLYDISCREPANCY_2026_20260318235849.OUT.good,13772_371754955773,20260318235849,2026-03-18 23:58:49,False,False,True
13535,2026,03,18,2025,to_13535_INDV_MONTHLYDISCREPANCY_2025_20260318235340.OUT.good,to_13535_INDV_MONTHLYDISCREPANCY_2025_20260318235340.OUT.good,/archive/out/good/PAS/13535/2026/03/18/13772_78547998220/to_13535_INDV_MONTHLYDISCREPANCY_2025_20260318235340.OUT.good,13772_78547998220,20260318235340,2026-03-18 23:53:40,False,True,True
13535,2026,04,20,2026,to_13535_INDV_MONTHLYDISCREPANCY_2026_20260420221823.OUT.good,to_13535_INDV_MONTHLYDISCREPANCY_2026_20260420221823.OUT.good,/archive/out/good/PAS/13535/2026/04/20/3066767_602618664886/to_13535_INDV_MONTHLYDISCREPANCY_2026_20260420221823.OUT.good,3066767_602618664886,20260420221823,2026-04-20 22:18:23,False,False,True
13535,2026,04,22,2025,to_13535_INDV_MONTHLYDISCREPANCY_2025_20260422221559.OUT.good,to_13535_INDV_MONTHLYDISCREPANCY_2025_20260422221559.OUT.good,/archive/out/good/PAS/13535/2026/04/22/3066767_152484329867/to_13535_INDV_MONTHLYDISCREPANCY_2025_20260422221559.OUT.good,3066767_152484329867,20260422221559,2026-04-22 22:15:59,False,True,True
13535,2026,05,18,2026,to_13535_INDV_MONTHLYDISCREPANCY_2026_20260518222324.OUT.good,to_13535_INDV_MONTHLYDISCREPANCY_2026_20260518222324.OUT.good,/archive/out/good/PAS/13535/2026/05/18/3066767_540105107093/to_13535_INDV_MONTHLYDISCREPANCY_2026_20260518222324.OUT.good,3066767_540105107093,20260518222324,2026-05-18 22:23:24,False,False,True
13535,2026,06,18,2026,to_13535_INDV_MONTHLYDISCREPANCY_2026_20260618221940.OUT.good,to_13535_INDV_MONTHLYDISCREPANCY_2026_20260618221940.OUT.good,/archive/out/good/PAS/13535/2026/06/18/4081_479650708521/to_13535_INDV_MONTHLYDISCREPANCY_2026_20260618221940.OUT.good,4081_479650708521,20260618221940,2026-06-18 22:19:40,False,False,True
13535,2026,07,21,2026,to_13535_INDV_MONTHLYDISCREPANCY_2026_20260720222734.OUT.good,to_13535_INDV_MONTHLYDISCREPANCY_2026_20260720222734.OUT.good,/archive/out/good/PAS/13535/2026/07/21/1_19574468767/to_13535_INDV_MONTHLYDISCREPANCY_2026_20260720222734.OUT.good,1_19574468767,20260720222734,2026-07-20 22:27:34,False,False,True
13535,2026,07,21,2025,to_13535_INDV_MONTHLYDISCREPANCY_2025_20260720222634.OUT.good,to_13535_INDV_MONTHLYDISCREPANCY_2025_20260720222634.OUT.good,/archive/out/good/PAS/13535/2026/07/21/1_764835400306/to_13535_INDV_MONTHLYDISCREPANCY_2025_20260720222634.OUT.good,1_764835400306,20260720222634,2026-07-20 22:26:34,False,True,True
13535,2026,08,19,2026,to_13535_INDV_MONTHLYDISCREPANCY_2026_20260818222734.OUT.good,to_13535_INDV_MONTHLYDISCREPANCY_2026_20260818222734.OUT.good,/archive/out/good/PAS/13535/2026/08/19/1_260906366823/to_13535_INDV_MONTHLYDISCREPANCY_2026_20260818222734.OUT.good,1_260906366823,20260818222734,2026-08-18 22:27:34,False,False,True
15105,2026,01,16,2025,to_15105_INDV_MONTHLYDISCREPANCY_2025_20260117000450.OUT.good.gz,to_15105_INDV_MONTHLYDISCREPANCY_2025_20260117000450.OUT.good,/archive/out/good/PAS/15105/2026/01/16/30434_103106713324/to_15105_INDV_MONTHLYDISCREPANCY_2025_20260117000450.OUT.good.gz,30434_103106713324,20260117000450,2026-01-17 00:04:50,False,True,True
15105,2026,01,16,2026,to_15105_INDV_MONTHLYDISCREPANCY_2026_20260117000926.OUT.good.gz,to_15105_INDV_MONTHLYDISCREPANCY_2026_20260117000926.OUT.good,/archive/out/good/PAS/15105/2026/01/16/30434_928166304473/to_15105_INDV_MONTHLYDISCREPANCY_2026_20260117000926.OUT.good.gz,30434_928166304473,20260117000926,2026-01-17 00:09:26,False,False,True
15105,2026,02,16,2025,to_15105_INDV_MONTHLYDISCREPANCY_2025_20260216234546.OUT.good.gz,to_15105_INDV_MONTHLYDISCREPANCY_2025_20260216234546.OUT.good,/archive/out/good/PAS/15105/2026/02/16/3558332_625109511513/to_15105_INDV_MONTHLYDISCREPANCY_2025_20260216234546.OUT.good.gz,3558332_625109511513,20260216234546,2026-02-16 23:45:46,False,True,True
15105,2026,02,16,2026,to_15105_INDV_MONTHLYDISCREPANCY_2026_20260216234547.OUT.good.gz,to_15105_INDV_MONTHLYDISCREPANCY_2026_20260216234547.OUT.good,/archive/out/good/PAS/15105/2026/02/16/3558332_955397441537/to_15105_INDV_MONTHLYDISCREPANCY_2026_20260216234547.OUT.good.gz,3558332_955397441537,20260216234547,2026-02-16 23:45:47,False,False,True
15105,2026,03,16,2026,to_15105_INDV_MONTHLYDISCREPANCY_2026_20260316235354.OUT.good,to_15105_INDV_MONTHLYDISCREPANCY_2026_20260316235354.OUT.good,/archive/out/good/PAS/15105/2026/03/16/13772_256459138616/to_15105_INDV_MONTHLYDISCREPANCY_2026_20260316235354.OUT.good,13772_256459138616,20260316235354,2026-03-16 23:53:54,False,False,True
15105,2026,03,16,2025,to_15105_INDV_MONTHLYDISCREPANCY_2025_20260316235423.OUT.good,to_15105_INDV_MONTHLYDISCREPANCY_2025_20260316235423.OUT.good,/archive/out/good/PAS/15105/2026/03/16/13772_496365970994/to_15105_INDV_MONTHLYDISCREPANCY_2025_20260316235423.OUT.good,13772_496365970994,20260316235423,2026-03-16 23:54:23,False,True,True
15105,2026,04,16,2026,to_15105_INDV_MONTHLYDISCREPANCY_2026_20260416234206.OUT.good,to_15105_INDV_MONTHLYDISCREPANCY_2026_20260416234206.OUT.good,/archive/out/good/PAS/15105/2026/04/16/3066767_129574770989/to_15105_INDV_MONTHLYDISCREPANCY_2026_20260416234206.OUT.good,3066767_129574770989,20260416234206,2026-04-16 23:42:06,False,False,True
15105,2026,04,16,2025,to_15105_INDV_MONTHLYDISCREPANCY_2025_20260416234258.OUT.good,to_15105_INDV_MONTHLYDISCREPANCY_2025_20260416234258.OUT.good,/archive/out/good/PAS/15105/2026/04/16/3066767_441046830129/to_15105_INDV_MONTHLYDISCREPANCY_2025_20260416234258.OUT.good,3066767_441046830129,20260416234258,2026-04-16 23:42:58,False,True,True
15105,2026,05,16,2025,to_15105_INDV_MONTHLYDISCREPANCY_2025_20260517000206.OUT.good,to_15105_INDV_MONTHLYDISCREPANCY_2025_20260517000206.OUT.good,/archive/out/good/PAS/15105/2026/05/16/3066767_148093563610/to_15105_INDV_MONTHLYDISCREPANCY_2025_20260517000206.OUT.good,3066767_148093563610,20260517000206,2026-05-17 00:02:06,False,True,True
15105,2026,05,16,2026,to_15105_INDV_MONTHLYDISCREPANCY_2026_20260517000035.OUT.good,to_15105_INDV_MONTHLYDISCREPANCY_2026_20260517000035.OUT.good,/archive/out/good/PAS/15105/2026/05/16/3066767_888586925866/to_15105_INDV_MONTHLYDISCREPANCY_2026_20260517000035.OUT.good,3066767_888586925866,20260517000035,2026-05-17 00:00:35,False,False,True
15105,2026,06,17,2026,to_15105_INDV_MONTHLYDISCREPANCY_2026_20260617063214.OUT.good,to_15105_INDV_MONTHLYDISCREPANCY_2026_20260617063214.OUT.good,/archive/out/good/PAS/15105/2026/06/17/4081_718101763072/to_15105_INDV_MONTHLYDISCREPANCY_2026_20260617063214.OUT.good,4081_718101763072,20260617063214,2026-06-17 06:32:14,False,False,True
15105,2026,07,17,2026,to_15105_INDV_MONTHLYDISCREPANCY_2026_20260717005507.OUT.good,to_15105_INDV_MONTHLYDISCREPANCY_2026_20260717005507.OUT.good,/archive/out/good/PAS/15105/2026/07/17/1_301264678623/to_15105_INDV_MONTHLYDISCREPANCY_2026_20260717005507.OUT.good,1_301264678623,20260717005507,2026-07-17 00:55:07,False,False,True
15105,2026,07,17,2025,to_15105_INDV_MONTHLYDISCREPANCY_2025_20260717005653.OUT.good,to_15105_INDV_MONTHLYDISCREPANCY_2025_20260717005653.OUT.good,/archive/out/good/PAS/15105/2026/07/17/1_54241293254/to_15105_INDV_MONTHLYDISCREPANCY_2025_20260717005653.OUT.good,1_54241293254,20260717005653,2026-07-17 00:56:53,False,True,True
15105,2026,08,17,2026,to_15105_INDV_MONTHLYDISCREPANCY_2026_20260816231311.OUT.good,to_15105_INDV_MONTHLYDISCREPANCY_2026_20260816231311.OUT.good,/archive/out/good/PAS/15105/2026/08/17/1_822854872509/to_15105_INDV_MONTHLYDISCREPANCY_2026_20260816231311.OUT.good,1_822854872509,20260816231311,2026-08-16 23:13:11,False,False,True
37001,2026,01,14,2026,to_37001_INDV_MONTHLYDISCREPANCY_2026_20260114210256.OUT.good.gz,to_37001_INDV_MONTHLYDISCREPANCY_2026_20260114210256.OUT.good,/archive/out/good/PAS/37001/2026/01/14/30434_54827071424/to_37001_INDV_MONTHLYDISCREPANCY_2026_20260114210256.OUT.good.gz,30434_54827071424,20260114210256,2026-01-14 21:02:56,False,False,True
37001,2026,01,15,2025,to_37001_INDV_MONTHLYDISCREPANCY_2025_20260115203122.OUT.good.gz,to_37001_INDV_MONTHLYDISCREPANCY_2025_20260115203122.OUT.good,/archive/out/good/PAS/37001/2026/01/15/30434_107630179337/to_37001_INDV_MONTHLYDISCREPANCY_2025_20260115203122.OUT.good.gz,30434_107630179337,20260115203122,2026-01-15 20:31:22,False,True,True
37001,2026,02,12,2026,to_37001_INDV_MONTHLYDISCREPANCY_2026_20260212042135.OUT.good.gz,to_37001_INDV_MONTHLYDISCREPANCY_2026_20260212042135.OUT.good,/archive/out/good/PAS/37001/2026/02/12/3558332_854150797537/to_37001_INDV_MONTHLYDISCREPANCY_2026_20260212042135.OUT.good.gz,3558332_854150797537,20260212042135,2026-02-12 04:21:35,False,False,True
37001,2026,02,12,2025,to_37001_INDV_MONTHLYDISCREPANCY_2025_20260212042203.OUT.good.gz,to_37001_INDV_MONTHLYDISCREPANCY_2025_20260212042203.OUT.good,/archive/out/good/PAS/37001/2026/02/12/3558332_898007442768/to_37001_INDV_MONTHLYDISCREPANCY_2025_20260212042203.OUT.good.gz,3558332_898007442768,20260212042203,2026-02-12 04:22:03,False,True,True
37001,2026,03,12,2025,to_37001_INDV_MONTHLYDISCREPANCY_2025_20260313024903.OUT.good,to_37001_INDV_MONTHLYDISCREPANCY_2025_20260313024903.OUT.good,/archive/out/good/PAS/37001/2026/03/12/13772_674562822711/to_37001_INDV_MONTHLYDISCREPANCY_2025_20260313024903.OUT.good,13772_674562822711,20260313024903,2026-03-13 02:49:03,False,True,True
37001,2026,03,12,2026,to_37001_INDV_MONTHLYDISCREPANCY_2026_20260313024847.OUT.good,to_37001_INDV_MONTHLYDISCREPANCY_2026_20260313024847.OUT.good,/archive/out/good/PAS/37001/2026/03/12/13772_709733108408/to_37001_INDV_MONTHLYDISCREPANCY_2026_20260313024847.OUT.good,13772_709733108408,20260313024847,2026-03-13 02:48:47,False,False,True
37001,2026,04,16,2025,to_37001_INDV_MONTHLYDISCREPANCY_2025_20260416114704.OUT.good,to_37001_INDV_MONTHLYDISCREPANCY_2025_20260416114704.OUT.good,/archive/out/good/PAS/37001/2026/04/16/3066767_607945506516/to_37001_INDV_MONTHLYDISCREPANCY_2025_20260416114704.OUT.good,3066767_607945506516,20260416114704,2026-04-16 11:47:04,False,True,True
37001,2026,04,16,2026,to_37001_INDV_MONTHLYDISCREPANCY_2026_20260416115246.OUT.good,to_37001_INDV_MONTHLYDISCREPANCY_2026_20260416115246.OUT.good,/archive/out/good/PAS/37001/2026/04/16/3066767_728084096589/to_37001_INDV_MONTHLYDISCREPANCY_2026_20260416115246.OUT.good,3066767_728084096589,20260416115246,2026-04-16 11:52:46,False,False,True
37001,2026,05,12,2025,to_37001_INDV_MONTHLYDISCREPANCY_2025_20260512060538.OUT.good,to_37001_INDV_MONTHLYDISCREPANCY_2025_20260512060538.OUT.good,/archive/out/good/PAS/37001/2026/05/12/3066767_25936659395/to_37001_INDV_MONTHLYDISCREPANCY_2025_20260512060538.OUT.good,3066767_25936659395,20260512060538,2026-05-12 06:05:38,False,True,True
37001,2026,05,12,2026,to_37001_INDV_MONTHLYDISCREPANCY_2026_20260512060512.OUT.good,to_37001_INDV_MONTHLYDISCREPANCY_2026_20260512060512.OUT.good,/archive/out/good/PAS/37001/2026/05/12/3066767_906072699013/to_37001_INDV_MONTHLYDISCREPANCY_2026_20260512060512.OUT.good,3066767_906072699013,20260512060512,2026-05-12 06:05:12,False,False,True
37001,2026,06,17,2026,to_37001_INDV_MONTHLYDISCREPANCY_2026_20260617062859.OUT.good,to_37001_INDV_MONTHLYDISCREPANCY_2026_20260617062859.OUT.good,/archive/out/good/PAS/37001/2026/06/17/4081_237273013675/to_37001_INDV_MONTHLYDISCREPANCY_2026_20260617062859.OUT.good,4081_237273013675,20260617062859,2026-06-17 06:28:59,False,False,True
37001,2026,07,16,2026,to_37001_INDV_MONTHLYDISCREPANCY_2026_20260716130638.OUT.good,to_37001_INDV_MONTHLYDISCREPANCY_2026_20260716130638.OUT.good,/archive/out/good/PAS/37001/2026/07/16/1_434065071164/to_37001_INDV_MONTHLYDISCREPANCY_2026_20260716130638.OUT.good,1_434065071164,20260716130638,2026-07-16 13:06:38,False,False,True
37001,2026,07,17,2025,to_37001_INDV_MONTHLYDISCREPANCY_2025_20260717005154.OUT.good,to_37001_INDV_MONTHLYDISCREPANCY_2025_20260717005154.OUT.good,/archive/out/good/PAS/37001/2026/07/17/1_749562880371/to_37001_INDV_MONTHLYDISCREPANCY_2025_20260717005154.OUT.good,1_749562880371,20260717005154,2026-07-17 00:51:54,False,True,True
37001,2026,08,13,2026,to_37001_INDV_MONTHLYDISCREPANCY_2026_20260812223647.OUT.good,to_37001_INDV_MONTHLYDISCREPANCY_2026_20260812223647.OUT.good,/archive/out/good/PAS/37001/2026/08/13/1_13017191022/to_37001_INDV_MONTHLYDISCREPANCY_2026_20260812223647.OUT.good,1_13017191022,20260812223647,2026-08-12 22:36:47,False,False,True
37301,2026,01,06,2025,to_37301_INDV_MONTHLYDISCREPANCY_2025_20260106065302.OUT.good.gz,to_37301_INDV_MONTHLYDISCREPANCY_2025_20260106065302.OUT.good,/archive/out/good/PAS/37301/2026/01/06/1756814_582400097322/to_37301_INDV_MONTHLYDISCREPANCY_2025_20260106065302.OUT.good.gz,1756814_582400097322,20260106065302,2026-01-06 06:53:02,False,True,True
37301,2026,01,09,2026,to_37301_INDV_MONTHLYDISCREPANCY_2026_20260110023027.OUT.good.gz,to_37301_INDV_MONTHLYDISCREPANCY_2026_20260110023027.OUT.good,/archive/out/good/PAS/37301/2026/01/09/30434_911551515256/to_37301_INDV_MONTHLYDISCREPANCY_2026_20260110023027.OUT.good.gz,30434_911551515256,20260110023027,2026-01-10 02:30:27,False,False,True
37301,2026,02,06,2026,to_37301_INDV_MONTHLYDISCREPANCY_2026_20260206034440.OUT.good.gz,to_37301_INDV_MONTHLYDISCREPANCY_2026_20260206034440.OUT.good,/archive/out/good/PAS/37301/2026/02/06/3558332_539154914750/to_37301_INDV_MONTHLYDISCREPANCY_2026_20260206034440.OUT.good.gz,3558332_539154914750,20260206034440,2026-02-06 03:44:40,False,False,True
37301,2026,02,06,2025,to_37301_INDV_MONTHLYDISCREPANCY_2025_20260206033506.OUT.good.gz,to_37301_INDV_MONTHLYDISCREPANCY_2025_20260206033506.OUT.good,/archive/out/good/PAS/37301/2026/02/06/3558332_824888194230/to_37301_INDV_MONTHLYDISCREPANCY_2025_20260206033506.OUT.good.gz,3558332_824888194230,20260206033506,2026-02-06 03:35:06,False,True,True
37301,2026,03,05,2025,to_37301_INDV_MONTHLYDISCREPANCY_2025_20260305054020.OUT.good,to_37301_INDV_MONTHLYDISCREPANCY_2025_20260305054020.OUT.good,/archive/out/good/PAS/37301/2026/03/05/3558332_191837208890/to_37301_INDV_MONTHLYDISCREPANCY_2025_20260305054020.OUT.good,3558332_191837208890,20260305054020,2026-03-05 05:40:20,False,True,True
37301,2026,03,05,2026,to_37301_INDV_MONTHLYDISCREPANCY_2026_20260305110527.OUT.good,to_37301_INDV_MONTHLYDISCREPANCY_2026_20260305110527.OUT.good,/archive/out/good/PAS/37301/2026/03/05/3558332_91291145458/to_37301_INDV_MONTHLYDISCREPANCY_2026_20260305110527.OUT.good,3558332_91291145458,20260305110527,2026-03-05 11:05:27,False,False,True
37301,2026,04,08,2026,to_37301_INDV_MONTHLYDISCREPANCY_2026_20260408143018.OUT.good,to_37301_INDV_MONTHLYDISCREPANCY_2026_20260408143018.OUT.good,/archive/out/good/PAS/37301/2026/04/08/3066767_692179890609/to_37301_INDV_MONTHLYDISCREPANCY_2026_20260408143018.OUT.good,3066767_692179890609,20260408143018,2026-04-08 14:30:18,False,False,True
37301,2026,04,08,2025,to_37301_INDV_MONTHLYDISCREPANCY_2025_20260408143226.OUT.good,to_37301_INDV_MONTHLYDISCREPANCY_2025_20260408143226.OUT.good,/archive/out/good/PAS/37301/2026/04/08/3066767_748971276421/to_37301_INDV_MONTHLYDISCREPANCY_2025_20260408143226.OUT.good,3066767_748971276421,20260408143226,2026-04-08 14:32:26,False,True,True
37301,2026,04,25,2025,to_37301_INDV_MONTHLYDISCREPANCY_2025_20260426025832.OUT.good,to_37301_INDV_MONTHLYDISCREPANCY_2025_20260426025832.OUT.good,/archive/out/good/PAS/37301/2026/04/25/3066767_209910860000/to_37301_INDV_MONTHLYDISCREPANCY_2025_20260426025832.OUT.good,3066767_209910860000,20260426025832,2026-04-26 02:58:32,False,True,True
37301,2026,04,25,2026,to_37301_INDV_MONTHLYDISCREPANCY_2026_20260426024936.OUT.good,to_37301_INDV_MONTHLYDISCREPANCY_2026_20260426024936.OUT.good,/archive/out/good/PAS/37301/2026/04/25/3066767_307404048411/to_37301_INDV_MONTHLYDISCREPANCY_2026_20260426024936.OUT.good,3066767_307404048411,20260426024936,2026-04-26 02:49:36,False,False,True
37301,2026,05,04,2026,to_37301_INDV_MONTHLYDISCREPANCY_2026_20260504223811.OUT.good,to_37301_INDV_MONTHLYDISCREPANCY_2026_20260504223811.OUT.good,/archive/out/good/PAS/37301/2026/05/04/3066767_301624915097/to_37301_INDV_MONTHLYDISCREPANCY_2026_20260504223811.OUT.good,3066767_301624915097,20260504223811,2026-05-04 22:38:11,False,False,True
37301,2026,05,04,2025,to_37301_INDV_MONTHLYDISCREPANCY_2025_20260504223918.OUT.good,to_37301_INDV_MONTHLYDISCREPANCY_2025_20260504223918.OUT.good,/archive/out/good/PAS/37301/2026/05/04/3066767_761748335957/to_37301_INDV_MONTHLYDISCREPANCY_2025_20260504223918.OUT.good,3066767_761748335957,20260504223918,2026-05-04 22:39:18,False,True,True
37301,2026,06,04,2025,to_37301_INDV_MONTHLYDISCREPANCY_2025_20260605014602.OUT.good,to_37301_INDV_MONTHLYDISCREPANCY_2025_20260605014602.OUT.good,/archive/out/good/PAS/37301/2026/06/04/4081_611503875853/to_37301_INDV_MONTHLYDISCREPANCY_2025_20260605014602.OUT.good,4081_611503875853,20260605014602,2026-06-05 01:46:02,False,True,True
37301,2026,06,04,2026,to_37301_INDV_MONTHLYDISCREPANCY_2026_20260605014448.OUT.good,to_37301_INDV_MONTHLYDISCREPANCY_2026_20260605014448.OUT.good,/archive/out/good/PAS/37301/2026/06/04/4081_67919134820/to_37301_INDV_MONTHLYDISCREPANCY_2026_20260605014448.OUT.good,4081_67919134820,20260605014448,2026-06-05 01:44:48,False,False,True
37301,2026,07,09,2025,to_37301_INDV_MONTHLYDISCREPANCY_2025_20260709122355.OUT.good,to_37301_INDV_MONTHLYDISCREPANCY_2025_20260709122355.OUT.good,/archive/out/good/PAS/37301/2026/07/09/1_402753048245/to_37301_INDV_MONTHLYDISCREPANCY_2025_20260709122355.OUT.good,1_402753048245,20260709122355,2026-07-09 12:23:55,False,True,True
37301,2026,07,09,2026,to_37301_INDV_MONTHLYDISCREPANCY_2026_20260709122334.OUT.good,to_37301_INDV_MONTHLYDISCREPANCY_2026_20260709122334.OUT.good,/archive/out/good/PAS/37301/2026/07/09/1_976202207014/to_37301_INDV_MONTHLYDISCREPANCY_2026_20260709122334.OUT.good,1_976202207014,20260709122334,2026-07-09 12:23:34,False,False,True
37301,2026,08,05,2025,to_37301_INDV_MONTHLYDISCREPANCY_2025_20260805015742.OUT.good,to_37301_INDV_MONTHLYDISCREPANCY_2025_20260805015742.OUT.good,/archive/out/good/PAS/37301/2026/08/05/1_230859578279/to_37301_INDV_MONTHLYDISCREPANCY_2025_20260805015742.OUT.good,1_230859578279,20260805015742,2026-08-05 01:57:42,False,True,True
37301,2026,08,05,2026,to_37301_INDV_MONTHLYDISCREPANCY_2026_20260805015635.OUT.good,to_37301_INDV_MONTHLYDISCREPANCY_2026_20260805015635.OUT.good,/archive/out/good/PAS/37301/2026/08/05/1_732195226707/to_37301_INDV_MONTHLYDISCREPANCY_2026_20260805015635.OUT.good,1_732195226707,20260805015635,2026-08-05 01:56:35,False,False,True
43802,2026,01,27,2026,to_43802_INDV_MONTHLYDISCREPANCY_2026_20260128003903.OUT.good.gz,to_43802_INDV_MONTHLYDISCREPANCY_2026_20260128003903.OUT.good,/archive/out/good/PAS/43802/2026/01/27/3558332_756284561053/to_43802_INDV_MONTHLYDISCREPANCY_2026_20260128003903.OUT.good.gz,3558332_756284561053,20260128003903,2026-01-28 00:39:03,False,False,True
43802,2026,02,18,2026,to_43802_INDV_MONTHLYDISCREPANCY_2026_20260218233037.OUT.good.gz,to_43802_INDV_MONTHLYDISCREPANCY_2026_20260218233037.OUT.good,/archive/out/good/PAS/43802/2026/02/18/3558332_102373105326/to_43802_INDV_MONTHLYDISCREPANCY_2026_20260218233037.OUT.good.gz,3558332_102373105326,20260218233037,2026-02-18 23:30:37,False,False,True
43802,2026,02,19,2025,to_43802_INDV_MONTHLYDISCREPANCY_2025_20260219223448.OUT.good.gz,to_43802_INDV_MONTHLYDISCREPANCY_2025_20260219223448.OUT.good,/archive/out/good/PAS/43802/2026/02/19/3558332_122304616310/to_43802_INDV_MONTHLYDISCREPANCY_2025_20260219223448.OUT.good.gz,3558332_122304616310,20260219223448,2026-02-19 22:34:48,False,True,True
43802,2026,03,18,2025,to_43802_INDV_MONTHLYDISCREPANCY_2025_20260319003756.OUT.good,to_43802_INDV_MONTHLYDISCREPANCY_2025_20260319003756.OUT.good,/archive/out/good/PAS/43802/2026/03/18/13772_12644855425/to_43802_INDV_MONTHLYDISCREPANCY_2025_20260319003756.OUT.good,13772_12644855425,20260319003756,2026-03-19 00:37:56,False,True,True
43802,2026,03,19,2026,to_43802_INDV_MONTHLYDISCREPANCY_2026_20260320014102.OUT.good,to_43802_INDV_MONTHLYDISCREPANCY_2026_20260320014102.OUT.good,/archive/out/good/PAS/43802/2026/03/19/146948_570503908570/to_43802_INDV_MONTHLYDISCREPANCY_2026_20260320014102.OUT.good,146948_570503908570,20260320014102,2026-03-20 01:41:02,False,False,True
43802,2026,04,21,2026,to_43802_INDV_MONTHLYDISCREPANCY_2026_20260422024714.OUT.good,to_43802_INDV_MONTHLYDISCREPANCY_2026_20260422024714.OUT.good,/archive/out/good/PAS/43802/2026/04/21/3066767_499861407272/to_43802_INDV_MONTHLYDISCREPANCY_2026_20260422024714.OUT.good,3066767_499861407272,20260422024714,2026-04-22 02:47:14,False,False,True
43802,2026,05,19,2026,to_43802_INDV_MONTHLYDISCREPANCY_2026_20260519235056.OUT.good,to_43802_INDV_MONTHLYDISCREPANCY_2026_20260519235056.OUT.good,/archive/out/good/PAS/43802/2026/05/19/4081_744706713724/to_43802_INDV_MONTHLYDISCREPANCY_2026_20260519235056.OUT.good,4081_744706713724,20260519235056,2026-05-19 23:50:56,False,False,True
43802,2026,06,19,2026,to_43802_INDV_MONTHLYDISCREPANCY_2026_20260619232926.OUT.good,to_43802_INDV_MONTHLYDISCREPANCY_2026_20260619232926.OUT.good,/archive/out/good/PAS/43802/2026/06/19/4081_891745438895/to_43802_INDV_MONTHLYDISCREPANCY_2026_20260619232926.OUT.good,4081_891745438895,20260619232926,2026-06-19 23:29:26,False,False,True
43802,2026,07,22,2025,to_43802_INDV_MONTHLYDISCREPANCY_2025_20260721230523.OUT.good,to_43802_INDV_MONTHLYDISCREPANCY_2025_20260721230523.OUT.good,/archive/out/good/PAS/43802/2026/07/22/1_631051535491/to_43802_INDV_MONTHLYDISCREPANCY_2025_20260721230523.OUT.good,1_631051535491,20260721230523,2026-07-21 23:05:23,False,True,True
43802,2026,07,22,2026,to_43802_INDV_MONTHLYDISCREPANCY_2026_20260721230652.OUT.good,to_43802_INDV_MONTHLYDISCREPANCY_2026_20260721230652.OUT.good,/archive/out/good/PAS/43802/2026/07/22/1_70674128237/to_43802_INDV_MONTHLYDISCREPANCY_2026_20260721230652.OUT.good,1_70674128237,20260721230652,2026-07-21 23:06:52,False,False,True
43802,2026,07,29,2026,to_43802_INDV_MONTHLYDISCREPANCY_2026_20260728230841.OUT.good,to_43802_INDV_MONTHLYDISCREPANCY_2026_20260728230841.OUT.good,/archive/out/good/PAS/43802/2026/07/29/1_59639977502/to_43802_INDV_MONTHLYDISCREPANCY_2026_20260728230841.OUT.good,1_59639977502,20260728230841,2026-07-28 23:08:41,False,False,True
43802,2026,08,21,2026,to_43802_INDV_MONTHLYDISCREPANCY_2026_20260820233228.OUT.good,to_43802_INDV_MONTHLYDISCREPANCY_2026_20260820233228.OUT.good,/archive/out/good/PAS/43802/2026/08/21/1_369160418412/to_43802_INDV_MONTHLYDISCREPANCY_2026_20260820233228.OUT.good,1_369160418412,20260820233228,2026-08-20 23:32:28,False,False,True
45334,2026,01,14,2025,to_45334_INDV_MONTHLYDISCREPANCY_2025_20260115020013.OUT.good.gz,to_45334_INDV_MONTHLYDISCREPANCY_2025_20260115020013.OUT.good,/archive/out/good/PAS/45334/2026/01/14/30434_864734167986/to_45334_INDV_MONTHLYDISCREPANCY_2025_20260115020013.OUT.good.gz,30434_864734167986,20260115020013,2026-01-15 02:00:13,False,True,True
45334,2026,01,14,2026,to_45334_INDV_MONTHLYDISCREPANCY_2026_20260115015836.OUT.good.gz,to_45334_INDV_MONTHLYDISCREPANCY_2026_20260115015836.OUT.good,/archive/out/good/PAS/45334/2026/01/14/30434_911235833155/to_45334_INDV_MONTHLYDISCREPANCY_2026_20260115015836.OUT.good.gz,30434_911235833155,20260115015836,2026-01-15 01:58:36,False,False,True
45334,2026,02,12,2026,to_45334_INDV_MONTHLYDISCREPANCY_2026_20260212043504.OUT.good.gz,to_45334_INDV_MONTHLYDISCREPANCY_2026_20260212043504.OUT.good,/archive/out/good/PAS/45334/2026/02/12/3558332_298842921304/to_45334_INDV_MONTHLYDISCREPANCY_2026_20260212043504.OUT.good.gz,3558332_298842921304,20260212043504,2026-02-12 04:35:04,False,False,True
45334,2026,02,12,2025,to_45334_INDV_MONTHLYDISCREPANCY_2025_20260212043404.OUT.good.gz,to_45334_INDV_MONTHLYDISCREPANCY_2025_20260212043404.OUT.good,/archive/out/good/PAS/45334/2026/02/12/3558332_677905134170/to_45334_INDV_MONTHLYDISCREPANCY_2025_20260212043404.OUT.good.gz,3558332_677905134170,20260212043404,2026-02-12 04:34:04,False,True,True
45334,2026,03,13,2025,to_45334_INDV_MONTHLYDISCREPANCY_2025_20260313030041.OUT.good,to_45334_INDV_MONTHLYDISCREPANCY_2025_20260313030041.OUT.good,/archive/out/good/PAS/45334/2026/03/13/13772_23624704809/to_45334_INDV_MONTHLYDISCREPANCY_2025_20260313030041.OUT.good,13772_23624704809,20260313030041,2026-03-13 03:00:41,False,True,True
45334,2026,03,13,2026,to_45334_INDV_MONTHLYDISCREPANCY_2026_20260313030142.OUT.good,to_45334_INDV_MONTHLYDISCREPANCY_2026_20260313030142.OUT.good,/archive/out/good/PAS/45334/2026/03/13/13772_925262738261/to_45334_INDV_MONTHLYDISCREPANCY_2026_20260313030142.OUT.good,13772_925262738261,20260313030142,2026-03-13 03:01:42,False,False,True
45334,2026,04,15,2026,to_45334_INDV_MONTHLYDISCREPANCY_2026_20260415120338.OUT.good,to_45334_INDV_MONTHLYDISCREPANCY_2026_20260415120338.OUT.good,/archive/out/good/PAS/45334/2026/04/15/3066767_323810674503/to_45334_INDV_MONTHLYDISCREPANCY_2026_20260415120338.OUT.good,3066767_323810674503,20260415120338,2026-04-15 12:03:38,False,False,True
45334,2026,04,15,2025,to_45334_INDV_MONTHLYDISCREPANCY_2025_20260415120230.OUT.good,to_45334_INDV_MONTHLYDISCREPANCY_2025_20260415120230.OUT.good,/archive/out/good/PAS/45334/2026/04/15/3066767_668252035741/to_45334_INDV_MONTHLYDISCREPANCY_2025_20260415120230.OUT.good,3066767_668252035741,20260415120230,2026-04-15 12:02:30,False,True,True
45334,2026,05,12,2026,to_45334_INDV_MONTHLYDISCREPANCY_2026_20260512062052.OUT.good,to_45334_INDV_MONTHLYDISCREPANCY_2026_20260512062052.OUT.good,/archive/out/good/PAS/45334/2026/05/12/3066767_788071627339/to_45334_INDV_MONTHLYDISCREPANCY_2026_20260512062052.OUT.good,3066767_788071627339,20260512062052,2026-05-12 06:20:52,False,False,True
45334,2026,06,17,2026,to_45334_INDV_MONTHLYDISCREPANCY_2026_20260617064031.OUT.good,to_45334_INDV_MONTHLYDISCREPANCY_2026_20260617064031.OUT.good,/archive/out/good/PAS/45334/2026/06/17/4081_997524985345/to_45334_INDV_MONTHLYDISCREPANCY_2026_20260617064031.OUT.good,4081_997524985345,20260617064031,2026-06-17 06:40:31,False,False,True
45334,2026,07,16,2026,to_45334_INDV_MONTHLYDISCREPANCY_2026_20260716133217.OUT.good,to_45334_INDV_MONTHLYDISCREPANCY_2026_20260716133217.OUT.good,/archive/out/good/PAS/45334/2026/07/16/1_222702166800/to_45334_INDV_MONTHLYDISCREPANCY_2026_20260716133217.OUT.good,1_222702166800,20260716133217,2026-07-16 13:32:17,False,False,True
45334,2026,07,16,2025,to_45334_INDV_MONTHLYDISCREPANCY_2025_20260716132649.OUT.good,to_45334_INDV_MONTHLYDISCREPANCY_2025_20260716132649.OUT.good,/archive/out/good/PAS/45334/2026/07/16/1_256148060151/to_45334_INDV_MONTHLYDISCREPANCY_2025_20260716132649.OUT.good,1_256148060151,20260716132649,2026-07-16 13:26:49,False,True,True
45334,2026,08,12,2026,to_45334_INDV_MONTHLYDISCREPANCY_2026_20260812060741.OUT.good,to_45334_INDV_MONTHLYDISCREPANCY_2026_20260812060741.OUT.good,/archive/out/good/PAS/45334/2026/08/12/1_309083980782/to_45334_INDV_MONTHLYDISCREPANCY_2026_20260812060741.OUT.good,1_309083980782,20260812060741,2026-08-12 06:07:41,False,False,True
49046,2026,01,14,2026,to_49046_INDV_MONTHLYDISCREPANCY_2026_20260115015804.OUT.good.gz,to_49046_INDV_MONTHLYDISCREPANCY_2026_20260115015804.OUT.good,/archive/out/good/PAS/49046/2026/01/14/30434_489031050511/to_49046_INDV_MONTHLYDISCREPANCY_2026_20260115015804.OUT.good.gz,30434_489031050511,20260115015804,2026-01-15 01:58:04,False,False,True
49046,2026,01,14,2025,to_49046_INDV_MONTHLYDISCREPANCY_2025_20260115015956.OUT.good.gz,to_49046_INDV_MONTHLYDISCREPANCY_2025_20260115015956.OUT.good,/archive/out/good/PAS/49046/2026/01/14/30434_547735317044/to_49046_INDV_MONTHLYDISCREPANCY_2025_20260115015956.OUT.good.gz,30434_547735317044,20260115015956,2026-01-15 01:59:56,False,True,True
49046,2026,02,12,2026,to_49046_INDV_MONTHLYDISCREPANCY_2026_20260212200324.OUT.good.gz,to_49046_INDV_MONTHLYDISCREPANCY_2026_20260212200324.OUT.good,/archive/out/good/PAS/49046/2026/02/12/3558332_759734209008/to_49046_INDV_MONTHLYDISCREPANCY_2026_20260212200324.OUT.good.gz,3558332_759734209008,20260212200324,2026-02-12 20:03:24,False,False,True
49046,2026,02,12,2025,to_49046_INDV_MONTHLYDISCREPANCY_2025_20260212043343.OUT.good.gz,to_49046_INDV_MONTHLYDISCREPANCY_2025_20260212043343.OUT.good,/archive/out/good/PAS/49046/2026/02/12/3558332_817303853264/to_49046_INDV_MONTHLYDISCREPANCY_2025_20260212043343.OUT.good.gz,3558332_817303853264,20260212043343,2026-02-12 04:33:43,False,True,True
49046,2026,03,13,2025,to_49046_INDV_MONTHLYDISCREPANCY_2025_20260313025956.OUT.good,to_49046_INDV_MONTHLYDISCREPANCY_2025_20260313025956.OUT.good,/archive/out/good/PAS/49046/2026/03/13/13772_261030848846/to_49046_INDV_MONTHLYDISCREPANCY_2025_20260313025956.OUT.good,13772_261030848846,20260313025956,2026-03-13 02:59:56,False,True,True
49046,2026,03,13,2026,to_49046_INDV_MONTHLYDISCREPANCY_2026_20260313030029.OUT.good,to_49046_INDV_MONTHLYDISCREPANCY_2026_20260313030029.OUT.good,/archive/out/good/PAS/49046/2026/03/13/13772_916783383315/to_49046_INDV_MONTHLYDISCREPANCY_2026_20260313030029.OUT.good,13772_916783383315,20260313030029,2026-03-13 03:00:29,False,False,True
49046,2026,04,15,2026,to_49046_INDV_MONTHLYDISCREPANCY_2026_20260415120224.OUT.good,to_49046_INDV_MONTHLYDISCREPANCY_2026_20260415120224.OUT.good,/archive/out/good/PAS/49046/2026/04/15/3066767_144917299624/to_49046_INDV_MONTHLYDISCREPANCY_2026_20260415120224.OUT.good,3066767_144917299624,20260415120224,2026-04-15 12:02:24,False,False,True
49046,2026,04,15,2025,to_49046_INDV_MONTHLYDISCREPANCY_2025_20260415120247.OUT.good,to_49046_INDV_MONTHLYDISCREPANCY_2025_20260415120247.OUT.good,/archive/out/good/PAS/49046/2026/04/15/3066767_163090792117/to_49046_INDV_MONTHLYDISCREPANCY_2025_20260415120247.OUT.good,3066767_163090792117,20260415120247,2026-04-15 12:02:47,False,True,True
49046,2026,05,12,2026,to_49046_INDV_MONTHLYDISCREPANCY_2026_20260512061704.OUT.good,to_49046_INDV_MONTHLYDISCREPANCY_2026_20260512061704.OUT.good,/archive/out/good/PAS/49046/2026/05/12/3066767_608646622013/to_49046_INDV_MONTHLYDISCREPANCY_2026_20260512061704.OUT.good,3066767_608646622013,20260512061704,2026-05-12 06:17:04,False,False,True
49046,2026,06,17,2026,to_49046_INDV_MONTHLYDISCREPANCY_2026_20260617064311.OUT.good,to_49046_INDV_MONTHLYDISCREPANCY_2026_20260617064311.OUT.good,/archive/out/good/PAS/49046/2026/06/17/4081_144776596249/to_49046_INDV_MONTHLYDISCREPANCY_2026_20260617064311.OUT.good,4081_144776596249,20260617064311,2026-06-17 06:43:11,False,False,True
49046,2026,07,16,2026,to_49046_INDV_MONTHLYDISCREPANCY_2026_20260716132655.OUT.good,to_49046_INDV_MONTHLYDISCREPANCY_2026_20260716132655.OUT.good,/archive/out/good/PAS/49046/2026/07/16/1_728793178025/to_49046_INDV_MONTHLYDISCREPANCY_2026_20260716132655.OUT.good,1_728793178025,20260716132655,2026-07-16 13:26:55,False,False,True
49046,2026,07,16,2025,to_49046_INDV_MONTHLYDISCREPANCY_2025_20260716133215.OUT.good,to_49046_INDV_MONTHLYDISCREPANCY_2025_20260716133215.OUT.good,/archive/out/good/PAS/49046/2026/07/16/1_955318098563/to_49046_INDV_MONTHLYDISCREPANCY_2025_20260716133215.OUT.good,1_955318098563,20260716133215,2026-07-16 13:32:15,False,True,True
49046,2026,08,12,2026,to_49046_INDV_MONTHLYDISCREPANCY_2026_20260812060544.OUT.good,to_49046_INDV_MONTHLYDISCREPANCY_2026_20260812060544.OUT.good,/archive/out/good/PAS/49046/2026/08/12/1_935180338935/to_49046_INDV_MONTHLYDISCREPANCY_2026_20260812060544.OUT.good,1_935180338935,20260812060544,2026-08-12 06:05:44,False,False,True
58081,2026,01,11,2025,to_58081_INDV_MONTHLYDISCREPANCY_2025_20260111161247.OUT.good.gz,to_58081_INDV_MONTHLYDISCREPANCY_2025_20260111161247.OUT.good,/archive/out/good/PAS/58081/2026/01/11/30434_53036112914/to_58081_INDV_MONTHLYDISCREPANCY_2025_20260111161247.OUT.good.gz,30434_53036112914,20260111161247,2026-01-11 16:12:47,False,True,True
58081,2026,01,11,2026,to_58081_INDV_MONTHLYDISCREPANCY_2026_20260111171531.OUT.good.gz,to_58081_INDV_MONTHLYDISCREPANCY_2026_20260111171531.OUT.good,/archive/out/good/PAS/58081/2026/01/11/30434_543779101010/to_58081_INDV_MONTHLYDISCREPANCY_2026_20260111171531.OUT.good.gz,30434_543779101010,20260111171531,2026-01-11 17:15:31,False,False,True
58081,2026,02,11,2026,to_58081_INDV_MONTHLYDISCREPANCY_2026_20260211181447.OUT.good.gz,to_58081_INDV_MONTHLYDISCREPANCY_2026_20260211181447.OUT.good,/archive/out/good/PAS/58081/2026/02/11/3558332_651925450699/to_58081_INDV_MONTHLYDISCREPANCY_2026_20260211181447.OUT.good.gz,3558332_651925450699,20260211181447,2026-02-11 18:14:47,False,False,True
58081,2026,02,13,2025,to_58081_INDV_MONTHLYDISCREPANCY_2025_20260213122350.OUT.good.gz,to_58081_INDV_MONTHLYDISCREPANCY_2025_20260213122350.OUT.good,/archive/out/good/PAS/58081/2026/02/13/3558332_590436933421/to_58081_INDV_MONTHLYDISCREPANCY_2025_20260213122350.OUT.good.gz,3558332_590436933421,20260213122350,2026-02-13 12:23:50,False,True,True
58081,2026,03,12,2025,to_58081_INDV_MONTHLYDISCREPANCY_2025_20260312150812.OUT.good,to_58081_INDV_MONTHLYDISCREPANCY_2025_20260312150812.OUT.good,/archive/out/good/PAS/58081/2026/03/12/13772_188891189792/to_58081_INDV_MONTHLYDISCREPANCY_2025_20260312150812.OUT.good,13772_188891189792,20260312150812,2026-03-12 15:08:12,False,True,True
58081,2026,03,12,2026,to_58081_INDV_MONTHLYDISCREPANCY_2026_20260312152757.OUT.good,to_58081_INDV_MONTHLYDISCREPANCY_2026_20260312152757.OUT.good,/archive/out/good/PAS/58081/2026/03/12/13772_708644260252/to_58081_INDV_MONTHLYDISCREPANCY_2026_20260312152757.OUT.good,13772_708644260252,20260312152757,2026-03-12 15:27:57,False,False,True
58081,2026,04,16,2026,to_58081_INDV_MONTHLYDISCREPANCY_2026_20260416113254.OUT.good,to_58081_INDV_MONTHLYDISCREPANCY_2026_20260416113254.OUT.good,/archive/out/good/PAS/58081/2026/04/16/3066767_727887072013/to_58081_INDV_MONTHLYDISCREPANCY_2026_20260416113254.OUT.good,3066767_727887072013,20260416113254,2026-04-16 11:32:54,False,False,True
58081,2026,04,18,2025,to_58081_INDV_MONTHLYDISCREPANCY_2025_20260418210759.OUT.good,to_58081_INDV_MONTHLYDISCREPANCY_2025_20260418210759.OUT.good,/archive/out/good/PAS/58081/2026/04/18/3066767_754019831234/to_58081_INDV_MONTHLYDISCREPANCY_2025_20260418210759.OUT.good,3066767_754019831234,20260418210759,2026-04-18 21:07:59,False,True,True
58081,2026,04,21,2025,to_58081_INDV_MONTHLYDISCREPANCY_2025_20260421112316.OUT.good,to_58081_INDV_MONTHLYDISCREPANCY_2025_20260421112316.OUT.good,/archive/out/good/PAS/58081/2026/04/21/3066767_481709990319/to_58081_INDV_MONTHLYDISCREPANCY_2025_20260421112316.OUT.good,3066767_481709990319,20260421112316,2026-04-21 11:23:16,False,True,True
58081,2026,04,22,2025,to_58081_INDV_MONTHLYDISCREPANCY_2025_20260422030352.OUT.good,to_58081_INDV_MONTHLYDISCREPANCY_2025_20260422030352.OUT.good,/archive/out/good/PAS/58081/2026/04/22/3066767_841956371782/to_58081_INDV_MONTHLYDISCREPANCY_2025_20260422030352.OUT.good,3066767_841956371782,20260422030352,2026-04-22 03:03:52,False,True,True
58081,2026,05,13,2026,to_58081_INDV_MONTHLYDISCREPANCY_2026_20260513222542.OUT.good,to_58081_INDV_MONTHLYDISCREPANCY_2026_20260513222542.OUT.good,/archive/out/good/PAS/58081/2026/05/13/3066767_799785634117/to_58081_INDV_MONTHLYDISCREPANCY_2026_20260513222542.OUT.good,3066767_799785634117,20260513222542,2026-05-13 22:25:42,False,False,True
58081,2026,06,11,2026,to_58081_INDV_MONTHLYDISCREPANCY_2026_20260611154842.OUT.good,to_58081_INDV_MONTHLYDISCREPANCY_2026_20260611154842.OUT.good,/archive/out/good/PAS/58081/2026/06/11/4081_797999118005/to_58081_INDV_MONTHLYDISCREPANCY_2026_20260611154842.OUT.good,4081_797999118005,20260611154842,2026-06-11 15:48:42,False,False,True
58081,2026,07,02,2026,to_58081_INDV_MONTHLYDISCREPANCY_2026_20260702193900.OUT.good,to_58081_INDV_MONTHLYDISCREPANCY_2026_20260702193900.OUT.good,/archive/out/good/PAS/58081/2026/07/02/1_914724065839/to_58081_INDV_MONTHLYDISCREPANCY_2026_20260702193900.OUT.good,1_914724065839,20260702193900,2026-07-02 19:39:00,False,False,True
58081,2026,07,12,2025,to_58081_INDV_MONTHLYDISCREPANCY_2025_20260711202811.OUT.good,to_58081_INDV_MONTHLYDISCREPANCY_2025_20260711202811.OUT.good,/archive/out/good/PAS/58081/2026/07/12/1_135682458744/to_58081_INDV_MONTHLYDISCREPANCY_2025_20260711202811.OUT.good,1_135682458744,20260711202811,2026-07-11 20:28:11,False,True,True
58081,2026,07,15,2026,to_58081_INDV_MONTHLYDISCREPANCY_2026_20260715123150.OUT.good,to_58081_INDV_MONTHLYDISCREPANCY_2026_20260715123150.OUT.good,/archive/out/good/PAS/58081/2026/07/15/1_294654250257/to_58081_INDV_MONTHLYDISCREPANCY_2026_20260715123150.OUT.good,1_294654250257,20260715123150,2026-07-15 12:31:50,False,False,True
58081,2026,08,11,2026,to_58081_INDV_MONTHLYDISCREPANCY_2026_20260811082142.OUT.good,to_58081_INDV_MONTHLYDISCREPANCY_2026_20260811082142.OUT.good,/archive/out/good/PAS/58081/2026/08/11/1_151269543464/to_58081_INDV_MONTHLYDISCREPANCY_2026_20260811082142.OUT.good,1_151269543464,20260811082142,2026-08-11 08:21:42,False,False,True
60224,2026,01,14,2026,to_60224_INDV_MONTHLYDISCREPANCY_2026_20260114213356.OUT.good.gz,to_60224_INDV_MONTHLYDISCREPANCY_2026_20260114213356.OUT.good,/archive/out/good/PAS/60224/2026/01/14/30434_339884955777/to_60224_INDV_MONTHLYDISCREPANCY_2026_20260114213356.OUT.good.gz,30434_339884955777,20260114213356,2026-01-14 21:33:56,False,False,True
60224,2026,01,15,2025,to_60224_INDV_MONTHLYDISCREPANCY_2025_20260115202024.OUT.good.gz,to_60224_INDV_MONTHLYDISCREPANCY_2025_20260115202024.OUT.good,/archive/out/good/PAS/60224/2026/01/15/30434_383524948230/to_60224_INDV_MONTHLYDISCREPANCY_2025_20260115202024.OUT.good.gz,30434_383524948230,20260115202024,2026-01-15 20:20:24,False,True,True
60224,2026,02,11,2026,to_60224_INDV_MONTHLYDISCREPANCY_2026_20260211181211.OUT.good.gz,to_60224_INDV_MONTHLYDISCREPANCY_2026_20260211181211.OUT.good,/archive/out/good/PAS/60224/2026/02/11/3558332_113479382188/to_60224_INDV_MONTHLYDISCREPANCY_2026_20260211181211.OUT.good.gz,3558332_113479382188,20260211181211,2026-02-11 18:12:11,False,False,True
60224,2026,02,11,2025,to_60224_INDV_MONTHLYDISCREPANCY_2025_20260211180812.OUT.good.gz,to_60224_INDV_MONTHLYDISCREPANCY_2025_20260211180812.OUT.good,/archive/out/good/PAS/60224/2026/02/11/3558332_896427681824/to_60224_INDV_MONTHLYDISCREPANCY_2025_20260211180812.OUT.good.gz,3558332_896427681824,20260211180812,2026-02-11 18:08:12,False,True,True
60224,2026,03,12,2025,to_60224_INDV_MONTHLYDISCREPANCY_2025_20260312153119.OUT.good,to_60224_INDV_MONTHLYDISCREPANCY_2025_20260312153119.OUT.good,/archive/out/good/PAS/60224/2026/03/12/13772_150829853839/to_60224_INDV_MONTHLYDISCREPANCY_2025_20260312153119.OUT.good,13772_150829853839,20260312153119,2026-03-12 15:31:19,False,True,True
60224,2026,03,12,2026,to_60224_INDV_MONTHLYDISCREPANCY_2026_20260312153044.OUT.good,to_60224_INDV_MONTHLYDISCREPANCY_2026_20260312153044.OUT.good,/archive/out/good/PAS/60224/2026/03/12/13772_557184551476/to_60224_INDV_MONTHLYDISCREPANCY_2026_20260312153044.OUT.good,13772_557184551476,20260312153044,2026-03-12 15:30:44,False,False,True
60224,2026,04,16,2025,to_60224_INDV_MONTHLYDISCREPANCY_2025_20260416114335.OUT.good,to_60224_INDV_MONTHLYDISCREPANCY_2025_20260416114335.OUT.good,/archive/out/good/PAS/60224/2026/04/16/3066767_161423397061/to_60224_INDV_MONTHLYDISCREPANCY_2025_20260416114335.OUT.good,3066767_161423397061,20260416114335,2026-04-16 11:43:35,False,True,True
60224,2026,04,16,2026,to_60224_INDV_MONTHLYDISCREPANCY_2026_20260416111741.OUT.good,to_60224_INDV_MONTHLYDISCREPANCY_2026_20260416111741.OUT.good,/archive/out/good/PAS/60224/2026/04/16/3066767_233887110042/to_60224_INDV_MONTHLYDISCREPANCY_2026_20260416111741.OUT.good,3066767_233887110042,20260416111741,2026-04-16 11:17:41,False,False,True
60224,2026,05,12,2026,to_60224_INDV_MONTHLYDISCREPANCY_2026_20260512061024.OUT.good,to_60224_INDV_MONTHLYDISCREPANCY_2026_20260512061024.OUT.good,/archive/out/good/PAS/60224/2026/05/12/3066767_848695271876/to_60224_INDV_MONTHLYDISCREPANCY_2026_20260512061024.OUT.good,3066767_848695271876,20260512061024,2026-05-12 06:10:24,False,False,True
60224,2026,06,11,2026,to_60224_INDV_MONTHLYDISCREPANCY_2026_20260611152836.OUT.good,to_60224_INDV_MONTHLYDISCREPANCY_2026_20260611152836.OUT.good,/archive/out/good/PAS/60224/2026/06/11/4081_570274472265/to_60224_INDV_MONTHLYDISCREPANCY_2026_20260611152836.OUT.good,4081_570274472265,20260611152836,2026-06-11 15:28:36,False,False,True
60224,2026,06,17,2025,to_60224_INDV_MONTHLYDISCREPANCY_2025_20260617063316.OUT.good,to_60224_INDV_MONTHLYDISCREPANCY_2025_20260617063316.OUT.good,/archive/out/good/PAS/60224/2026/06/17/4081_727309765901/to_60224_INDV_MONTHLYDISCREPANCY_2025_20260617063316.OUT.good,4081_727309765901,20260617063316,2026-06-17 06:33:16,False,True,True
60224,2026,07,16,2026,to_60224_INDV_MONTHLYDISCREPANCY_2026_20260716131414.OUT.good,to_60224_INDV_MONTHLYDISCREPANCY_2026_20260716131414.OUT.good,/archive/out/good/PAS/60224/2026/07/16/1_713465727847/to_60224_INDV_MONTHLYDISCREPANCY_2026_20260716131414.OUT.good,1_713465727847,20260716131414,2026-07-16 13:14:14,False,False,True
60224,2026,07,18,2025,to_60224_INDV_MONTHLYDISCREPANCY_2025_20260717232612.OUT.good,to_60224_INDV_MONTHLYDISCREPANCY_2025_20260717232612.OUT.good,/archive/out/good/PAS/60224/2026/07/18/1_250320471352/to_60224_INDV_MONTHLYDISCREPANCY_2025_20260717232612.OUT.good,1_250320471352,20260717232612,2026-07-17 23:26:12,False,True,True
60224,2026,08,11,2026,to_60224_INDV_MONTHLYDISCREPANCY_2026_20260811081325.OUT.good,to_60224_INDV_MONTHLYDISCREPANCY_2026_20260811081325.OUT.good,/archive/out/good/PAS/60224/2026/08/11/1_857314272119/to_60224_INDV_MONTHLYDISCREPANCY_2026_20260811081325.OUT.good,1_857314272119,20260811081325,2026-08-11 08:13:25,False,False,True
64357,2026,01,18,2026,to_64357_INDV_MONTHLYDISCREPANCY_2026_20260118221646.OUT.good.gz,to_64357_INDV_MONTHLYDISCREPANCY_2026_20260118221646.OUT.good,/archive/out/good/PAS/64357/2026/01/18/30434_468231264180/to_64357_INDV_MONTHLYDISCREPANCY_2026_20260118221646.OUT.good.gz,30434_468231264180,20260118221646,2026-01-18 22:16:46,False,False,True
64357,2026,02,25,2026,to_64357_INDV_MONTHLYDISCREPANCY_2026_20260225100758.OUT.good.gz,to_64357_INDV_MONTHLYDISCREPANCY_2026_20260225100758.OUT.good,/archive/out/good/PAS/64357/2026/02/25/3558332_515690820073/to_64357_INDV_MONTHLYDISCREPANCY_2026_20260225100758.OUT.good.gz,3558332_515690820073,20260225100758,2026-02-25 10:07:58,False,False,True
64357,2026,03,18,2026,to_64357_INDV_MONTHLYDISCREPANCY_2026_20260319000145.OUT.good,to_64357_INDV_MONTHLYDISCREPANCY_2026_20260319000145.OUT.good,/archive/out/good/PAS/64357/2026/03/18/13772_147920599010/to_64357_INDV_MONTHLYDISCREPANCY_2026_20260319000145.OUT.good,13772_147920599010,20260319000145,2026-03-19 00:01:45,False,False,True
64357,2026,04,18,2026,to_64357_INDV_MONTHLYDISCREPANCY_2026_20260418222328.OUT.good,to_64357_INDV_MONTHLYDISCREPANCY_2026_20260418222328.OUT.good,/archive/out/good/PAS/64357/2026/04/18/3066767_375621603431/to_64357_INDV_MONTHLYDISCREPANCY_2026_20260418222328.OUT.good,3066767_375621603431,20260418222328,2026-04-18 22:23:28,False,False,True
64357,2026,05,18,2026,to_64357_INDV_MONTHLYDISCREPANCY_2026_20260518222417.OUT.good,to_64357_INDV_MONTHLYDISCREPANCY_2026_20260518222417.OUT.good,/archive/out/good/PAS/64357/2026/05/18/3066767_801191699101/to_64357_INDV_MONTHLYDISCREPANCY_2026_20260518222417.OUT.good,3066767_801191699101,20260518222417,2026-05-18 22:24:17,False,False,True
64357,2026,06,18,2026,to_64357_INDV_MONTHLYDISCREPANCY_2026_20260618221934.OUT.good,to_64357_INDV_MONTHLYDISCREPANCY_2026_20260618221934.OUT.good,/archive/out/good/PAS/64357/2026/06/18/4081_746308063733/to_64357_INDV_MONTHLYDISCREPANCY_2026_20260618221934.OUT.good,4081_746308063733,20260618221934,2026-06-18 22:19:34,False,False,True
64357,2026,07,19,2026,to_64357_INDV_MONTHLYDISCREPANCY_2026_20260718222247.OUT.good,to_64357_INDV_MONTHLYDISCREPANCY_2026_20260718222247.OUT.good,/archive/out/good/PAS/64357/2026/07/19/1_856041871059/to_64357_INDV_MONTHLYDISCREPANCY_2026_20260718222247.OUT.good,1_856041871059,20260718222247,2026-07-18 22:22:47,False,False,True
64357,2026,08,19,2026,to_64357_INDV_MONTHLYDISCREPANCY_2026_20260818222742.OUT.good,to_64357_INDV_MONTHLYDISCREPANCY_2026_20260818222742.OUT.good,/archive/out/good/PAS/64357/2026/08/19/1_759932644064/to_64357_INDV_MONTHLYDISCREPANCY_2026_20260818222742.OUT.good,1_759932644064,20260818222742,2026-08-18 22:27:42,False,False,True
68806,2026,01,14,2026,to_68806_INDV_MONTHLYDISCREPANCY_2026_20260115021334.OUT.good.gz,to_68806_INDV_MONTHLYDISCREPANCY_2026_20260115021334.OUT.good,/archive/out/good/PAS/68806/2026/01/14/30434_337895820654/to_68806_INDV_MONTHLYDISCREPANCY_2026_20260115021334.OUT.good.gz,30434_337895820654,20260115021334,2026-01-15 02:13:34,False,False,True
68806,2026,02,14,2026,to_68806_INDV_MONTHLYDISCREPANCY_2026_20260214230123.OUT.good.gz,to_68806_INDV_MONTHLYDISCREPANCY_2026_20260214230123.OUT.good,/archive/out/good/PAS/68806/2026/02/14/3558332_220988495408/to_68806_INDV_MONTHLYDISCREPANCY_2026_20260214230123.OUT.good.gz,3558332_220988495408,20260214230123,2026-02-14 23:01:23,False,False,True
68806,2026,02,19,2025,to_68806_INDV_MONTHLYDISCREPANCY_2025_20260219223507.OUT.good.gz,to_68806_INDV_MONTHLYDISCREPANCY_2025_20260219223507.OUT.good,/archive/out/good/PAS/68806/2026/02/19/3558332_546943580132/to_68806_INDV_MONTHLYDISCREPANCY_2025_20260219223507.OUT.good.gz,3558332_546943580132,20260219223507,2026-02-19 22:35:07,False,True,True
68806,2026,03,09,2026,to_68806_INDV_MONTHLYDISCREPANCY_2026_20260309124442.OUT.good,to_68806_INDV_MONTHLYDISCREPANCY_2026_20260309124442.OUT.good,/archive/out/good/PAS/68806/2026/03/09/3558332_391889438604/to_68806_INDV_MONTHLYDISCREPANCY_2026_20260309124442.OUT.good,3558332_391889438604,20260309124442,2026-03-09 12:44:42,False,False,True
68806,2026,03,14,2026,to_68806_INDV_MONTHLYDISCREPANCY_2026_20260314224552.OUT.good,to_68806_INDV_MONTHLYDISCREPANCY_2026_20260314224552.OUT.good,/archive/out/good/PAS/68806/2026/03/14/13772_694332572468/to_68806_INDV_MONTHLYDISCREPANCY_2026_20260314224552.OUT.good,13772_694332572468,20260314224552,2026-03-14 22:45:52,False,False,True
68806,2026,03,18,2025,to_68806_INDV_MONTHLYDISCREPANCY_2025_20260318235455.OUT.good,to_68806_INDV_MONTHLYDISCREPANCY_2025_20260318235455.OUT.good,/archive/out/good/PAS/68806/2026/03/18/13772_314446802351/to_68806_INDV_MONTHLYDISCREPANCY_2025_20260318235455.OUT.good,13772_314446802351,20260318235455,2026-03-18 23:54:55,False,True,True
68806,2026,04,15,2026,to_68806_INDV_MONTHLYDISCREPANCY_2026_20260415115309.OUT.good,to_68806_INDV_MONTHLYDISCREPANCY_2026_20260415115309.OUT.good,/archive/out/good/PAS/68806/2026/04/15/3066767_76699476995/to_68806_INDV_MONTHLYDISCREPANCY_2026_20260415115309.OUT.good,3066767_76699476995,20260415115309,2026-04-15 11:53:09,False,False,True
68806,2026,05,14,2026,to_68806_INDV_MONTHLYDISCREPANCY_2026_20260514224925.OUT.good,to_68806_INDV_MONTHLYDISCREPANCY_2026_20260514224925.OUT.good,/archive/out/good/PAS/68806/2026/05/14/3066767_479110988412/to_68806_INDV_MONTHLYDISCREPANCY_2026_20260514224925.OUT.good,3066767_479110988412,20260514224925,2026-05-14 22:49:25,False,False,True
68806,2026,06,14,2026,to_68806_INDV_MONTHLYDISCREPANCY_2026_20260614224855.OUT.good,to_68806_INDV_MONTHLYDISCREPANCY_2026_20260614224855.OUT.good,/archive/out/good/PAS/68806/2026/06/14/4081_457481737843/to_68806_INDV_MONTHLYDISCREPANCY_2026_20260614224855.OUT.good,4081_457481737843,20260614224855,2026-06-14 22:48:55,False,False,True
68806,2026,07,15,2026,to_68806_INDV_MONTHLYDISCREPANCY_2026_20260715013708.OUT.good,to_68806_INDV_MONTHLYDISCREPANCY_2026_20260715013708.OUT.good,/archive/out/good/PAS/68806/2026/07/15/1_597513626058/to_68806_INDV_MONTHLYDISCREPANCY_2026_20260715013708.OUT.good,1_597513626058,20260715013708,2026-07-15 01:37:08,False,False,True
68806,2026,08,15,2026,to_68806_INDV_MONTHLYDISCREPANCY_2026_20260815051106.OUT.good,to_68806_INDV_MONTHLYDISCREPANCY_2026_20260815051106.OUT.good,/archive/out/good/PAS/68806/2026/08/15/1_697406617959/to_68806_INDV_MONTHLYDISCREPANCY_2026_20260815051106.OUT.good,1_697406617959,20260815051106,2026-08-15 05:11:06,False,False,True
70893,2026,01,07,2025,to_70893_INDV_MONTHLYDISCREPANCY_2025_20260107070956.OUT.good.gz,to_70893_INDV_MONTHLYDISCREPANCY_2025_20260107070956.OUT.good,/archive/out/good/PAS/70893/2026/01/07/30434_342668602058/to_70893_INDV_MONTHLYDISCREPANCY_2025_20260107070956.OUT.good.gz,30434_342668602058,20260107070956,2026-01-07 07:09:56,False,True,True
70893,2026,01,10,2026,to_70893_INDV_MONTHLYDISCREPANCY_2026_20260110050148.OUT.good.gz,to_70893_INDV_MONTHLYDISCREPANCY_2026_20260110050148.OUT.good,/archive/out/good/PAS/70893/2026/01/10/30434_333077562441/to_70893_INDV_MONTHLYDISCREPANCY_2026_20260110050148.OUT.good.gz,30434_333077562441,20260110050148,2026-01-10 05:01:48,False,False,True
70893,2026,01,27,2026,to_70893_INDV_MONTHLYDISCREPANCY_2026_20260127224526.OUT.good.gz,to_70893_INDV_MONTHLYDISCREPANCY_2026_20260127224526.OUT.good,/archive/out/good/PAS/70893/2026/01/27/3558332_117698311217/to_70893_INDV_MONTHLYDISCREPANCY_2026_20260127224526.OUT.good.gz,3558332_117698311217,20260127224526,2026-01-27 22:45:26,False,False,True
70893,2026,01,28,2025,to_70893_INDV_MONTHLYDISCREPANCY_2025_20260128161319.OUT.good.gz,to_70893_INDV_MONTHLYDISCREPANCY_2025_20260128161319.OUT.good,/archive/out/good/PAS/70893/2026/01/28/3558332_720583805978/to_70893_INDV_MONTHLYDISCREPANCY_2025_20260128161319.OUT.good.gz,3558332_720583805978,20260128161319,2026-01-28 16:13:19,False,True,True
70893,2026,02,06,2026,to_70893_INDV_MONTHLYDISCREPANCY_2026_20260206052654.OUT.good.gz,to_70893_INDV_MONTHLYDISCREPANCY_2026_20260206052654.OUT.good,/archive/out/good/PAS/70893/2026/02/06/3558332_195682004836/to_70893_INDV_MONTHLYDISCREPANCY_2026_20260206052654.OUT.good.gz,3558332_195682004836,20260206052654,2026-02-06 05:26:54,False,False,True
70893,2026,02,06,2025,to_70893_INDV_MONTHLYDISCREPANCY_2025_20260206043420.OUT.good.gz,to_70893_INDV_MONTHLYDISCREPANCY_2025_20260206043420.OUT.good,/archive/out/good/PAS/70893/2026/02/06/3558332_60162361308/to_70893_INDV_MONTHLYDISCREPANCY_2025_20260206043420.OUT.good.gz,3558332_60162361308,20260206043420,2026-02-06 04:34:20,False,True,True
70893,2026,02,13,2026,to_70893_INDV_MONTHLYDISCREPANCY_2026_20260213123838.OUT.good.gz,to_70893_INDV_MONTHLYDISCREPANCY_2026_20260213123838.OUT.good,/archive/out/good/PAS/70893/2026/02/13/3558332_634661555531/to_70893_INDV_MONTHLYDISCREPANCY_2026_20260213123838.OUT.good.gz,3558332_634661555531,20260213123838,2026-02-13 12:38:38,False,False,True
70893,2026,02,27,2025,to_70893_INDV_MONTHLYDISCREPANCY_2025_20260227233905.OUT.good.gz,to_70893_INDV_MONTHLYDISCREPANCY_2025_20260227233905.OUT.good,/archive/out/good/PAS/70893/2026/02/27/3558332_780505780698/to_70893_INDV_MONTHLYDISCREPANCY_2025_20260227233905.OUT.good.gz,3558332_780505780698,20260227233905,2026-02-27 23:39:05,False,True,True
70893,2026,03,06,2026,to_70893_INDV_MONTHLYDISCREPANCY_2026_20260307022128.OUT.good,to_70893_INDV_MONTHLYDISCREPANCY_2026_20260307022128.OUT.good,/archive/out/good/PAS/70893/2026/03/06/3558332_767548592068/to_70893_INDV_MONTHLYDISCREPANCY_2026_20260307022128.OUT.good,3558332_767548592068,20260307022128,2026-03-07 02:21:28,False,False,True
70893,2026,03,12,2026,to_70893_INDV_MONTHLYDISCREPANCY_2026_20260312145406.OUT.good,to_70893_INDV_MONTHLYDISCREPANCY_2026_20260312145406.OUT.good,/archive/out/good/PAS/70893/2026/03/12/13772_787590175664/to_70893_INDV_MONTHLYDISCREPANCY_2026_20260312145406.OUT.good,13772_787590175664,20260312145406,2026-03-12 14:54:06,False,False,True
70893,2026,04,08,2026,to_70893_INDV_MONTHLYDISCREPANCY_2026_20260408145721.OUT.good,to_70893_INDV_MONTHLYDISCREPANCY_2026_20260408145721.OUT.good,/archive/out/good/PAS/70893/2026/04/08/3066767_587181088696/to_70893_INDV_MONTHLYDISCREPANCY_2026_20260408145721.OUT.good,3066767_587181088696,20260408145721,2026-04-08 14:57:21,False,False,True
70893,2026,04,22,2025,to_70893_INDV_MONTHLYDISCREPANCY_2025_20260422152602.OUT.good,to_70893_INDV_MONTHLYDISCREPANCY_2025_20260422152602.OUT.good,/archive/out/good/PAS/70893/2026/04/22/3066767_255741014945/to_70893_INDV_MONTHLYDISCREPANCY_2025_20260422152602.OUT.good,3066767_255741014945,20260422152602,2026-04-22 15:26:02,False,True,True
70893,2026,04,23,2025,to_70893_INDV_MONTHLYDISCREPANCY_2025_20260423121458.OUT.good,to_70893_INDV_MONTHLYDISCREPANCY_2025_20260423121458.OUT.good,/archive/out/good/PAS/70893/2026/04/23/3066767_640188790738/to_70893_INDV_MONTHLYDISCREPANCY_2025_20260423121458.OUT.good,3066767_640188790738,20260423121458,2026-04-23 12:14:58,False,True,True
70893,2026,04,26,2026,to_70893_INDV_MONTHLYDISCREPANCY_2026_20260426033210.OUT.good,to_70893_INDV_MONTHLYDISCREPANCY_2026_20260426033210.OUT.good,/archive/out/good/PAS/70893/2026/04/26/3066767_609039789486/to_70893_INDV_MONTHLYDISCREPANCY_2026_20260426033210.OUT.good,3066767_609039789486,20260426033210,2026-04-26 03:32:10,False,False,True
70893,2026,04,27,2025,to_70893_INDV_MONTHLYDISCREPANCY_2025_20260427122431.OUT.good,to_70893_INDV_MONTHLYDISCREPANCY_2025_20260427122431.OUT.good,/archive/out/good/PAS/70893/2026/04/27/3066767_843280323071/to_70893_INDV_MONTHLYDISCREPANCY_2025_20260427122431.OUT.good,3066767_843280323071,20260427122431,2026-04-27 12:24:31,False,True,True
70893,2026,04,28,2026,to_70893_INDV_MONTHLYDISCREPANCY_2026_20260428221536.OUT.good,to_70893_INDV_MONTHLYDISCREPANCY_2026_20260428221536.OUT.good,/archive/out/good/PAS/70893/2026/04/28/3066767_691239810905/to_70893_INDV_MONTHLYDISCREPANCY_2026_20260428221536.OUT.good,3066767_691239810905,20260428221536,2026-04-28 22:15:36,False,False,True
70893,2026,04,30,2025,to_70893_INDV_MONTHLYDISCREPANCY_2025_20260430144633.OUT.good,to_70893_INDV_MONTHLYDISCREPANCY_2025_20260430144633.OUT.good,/archive/out/good/PAS/70893/2026/04/30/3066767_172479809938/to_70893_INDV_MONTHLYDISCREPANCY_2025_20260430144633.OUT.good,3066767_172479809938,20260430144633,2026-04-30 14:46:33,False,True,True
70893,2026,04,30,2026,to_70893_INDV_MONTHLYDISCREPANCY_2026_20260430175344.OUT.good,to_70893_INDV_MONTHLYDISCREPANCY_2026_20260430175344.OUT.good,/archive/out/good/PAS/70893/2026/04/30/3066767_650014496556/to_70893_INDV_MONTHLYDISCREPANCY_2026_20260430175344.OUT.good,3066767_650014496556,20260430175344,2026-04-30 17:53:44,False,False,True
70893,2026,05,07,2026,to_70893_INDV_MONTHLYDISCREPANCY_2026_20260507192317.OUT.good,to_70893_INDV_MONTHLYDISCREPANCY_2026_20260507192317.OUT.good,/archive/out/good/PAS/70893/2026/05/07/3066767_564250429579/to_70893_INDV_MONTHLYDISCREPANCY_2026_20260507192317.OUT.good,3066767_564250429579,20260507192317,2026-05-07 19:23:17,False,False,True
70893,2026,05,21,2025,to_70893_INDV_MONTHLYDISCREPANCY_2025_20260521211908.OUT.good,to_70893_INDV_MONTHLYDISCREPANCY_2025_20260521211908.OUT.good,/archive/out/good/PAS/70893/2026/05/21/4081_801530172823/to_70893_INDV_MONTHLYDISCREPANCY_2025_20260521211908.OUT.good,4081_801530172823,20260521211908,2026-05-21 21:19:08,False,True,True
70893,2026,05,23,2026,to_70893_INDV_MONTHLYDISCREPANCY_2026_20260523160647.OUT.good,to_70893_INDV_MONTHLYDISCREPANCY_2026_20260523160647.OUT.good,/archive/out/good/PAS/70893/2026/05/23/4081_169135215293/to_70893_INDV_MONTHLYDISCREPANCY_2026_20260523160647.OUT.good,4081_169135215293,20260523160647,2026-05-23 16:06:47,False,False,True
70893,2026,05,29,2026,to_70893_INDV_MONTHLYDISCREPANCY_2026_20260529085509.OUT.good,to_70893_INDV_MONTHLYDISCREPANCY_2026_20260529085509.OUT.good,/archive/out/good/PAS/70893/2026/05/29/4081_39555134664/to_70893_INDV_MONTHLYDISCREPANCY_2026_20260529085509.OUT.good,4081_39555134664,20260529085509,2026-05-29 08:55:09,False,False,True
70893,2026,06,08,2026,to_70893_INDV_MONTHLYDISCREPANCY_2026_20260608203219.OUT.good,to_70893_INDV_MONTHLYDISCREPANCY_2026_20260608203219.OUT.good,/archive/out/good/PAS/70893/2026/06/08/4081_311704510662/to_70893_INDV_MONTHLYDISCREPANCY_2026_20260608203219.OUT.good,4081_311704510662,20260608203219,2026-06-08 20:32:19,False,False,True
70893,2026,07,09,2025,to_70893_INDV_MONTHLYDISCREPANCY_2025_20260709143350.OUT.good,to_70893_INDV_MONTHLYDISCREPANCY_2025_20260709143350.OUT.good,/archive/out/good/PAS/70893/2026/07/09/1_345887355649/to_70893_INDV_MONTHLYDISCREPANCY_2025_20260709143350.OUT.good,1_345887355649,20260709143350,2026-07-09 14:33:50,False,True,True
70893,2026,07,09,2026,to_70893_INDV_MONTHLYDISCREPANCY_2026_20260709125806.OUT.good,to_70893_INDV_MONTHLYDISCREPANCY_2026_20260709125806.OUT.good,/archive/out/good/PAS/70893/2026/07/09/1_411481786580/to_70893_INDV_MONTHLYDISCREPANCY_2026_20260709125806.OUT.good,1_411481786580,20260709125806,2026-07-09 12:58:06,False,False,True
70893,2026,08,15,2026,to_70893_INDV_MONTHLYDISCREPANCY_2026_20260815052438.OUT.good,to_70893_INDV_MONTHLYDISCREPANCY_2026_20260815052438.OUT.good,/archive/out/good/PAS/70893/2026/08/15/1_912806857744/to_70893_INDV_MONTHLYDISCREPANCY_2026_20260815052438.OUT.good,1_912806857744,20260815052438,2026-08-15 05:24:38,False,False,True
70893,2026,08,25,2026,to_70893_INDV_MONTHLYDISCREPANCY_2026_20260825180901.OUT.good,to_70893_INDV_MONTHLYDISCREPANCY_2026_20260825180901.OUT.good,/archive/out/good/PAS/70893/2026/08/25/1_628350492897/to_70893_INDV_MONTHLYDISCREPANCY_2026_20260825180901.OUT.good,1_628350492897,20260825180901,2026-08-25 18:09:01,False,False,True
82824,2026,01,06,2025,to_82824_INDV_MONTHLYDISCREPANCY_2025_20260106070252.OUT.good.gz,to_82824_INDV_MONTHLYDISCREPANCY_2025_20260106070252.OUT.good,/archive/out/good/PAS/82824/2026/01/06/1756814_977436264752/to_82824_INDV_MONTHLYDISCREPANCY_2025_20260106070252.OUT.good.gz,1756814_977436264752,20260106070252,2026-01-06 07:02:52,False,True,True
82824,2026,02,06,2025,to_82824_INDV_MONTHLYDISCREPANCY_2025_20260206034718.OUT.good.gz,to_82824_INDV_MONTHLYDISCREPANCY_2025_20260206034718.OUT.good,/archive/out/good/PAS/82824/2026/02/06/3558332_597250980425/to_82824_INDV_MONTHLYDISCREPANCY_2025_20260206034718.OUT.good.gz,3558332_597250980425,20260206034718,2026-02-06 03:47:18,False,True,True
82824,2026,03,05,2025,to_82824_INDV_MONTHLYDISCREPANCY_2025_20260305054752.OUT.good,to_82824_INDV_MONTHLYDISCREPANCY_2025_20260305054752.OUT.good,/archive/out/good/PAS/82824/2026/03/05/3558332_414051726025/to_82824_INDV_MONTHLYDISCREPANCY_2025_20260305054752.OUT.good,3558332_414051726025,20260305054752,2026-03-05 05:47:52,False,True,True
82824,2026,04,08,2025,to_82824_INDV_MONTHLYDISCREPANCY_2025_20260408144857.OUT.good,to_82824_INDV_MONTHLYDISCREPANCY_2025_20260408144857.OUT.good,/archive/out/good/PAS/82824/2026/04/08/3066767_269883779041/to_82824_INDV_MONTHLYDISCREPANCY_2025_20260408144857.OUT.good,3066767_269883779041,20260408144857,2026-04-08 14:48:57,False,True,True
82824,2026,04,26,2025,to_82824_INDV_MONTHLYDISCREPANCY_2025_20260426031209.OUT.good,to_82824_INDV_MONTHLYDISCREPANCY_2025_20260426031209.OUT.good,/archive/out/good/PAS/82824/2026/04/26/3066767_109578365386/to_82824_INDV_MONTHLYDISCREPANCY_2025_20260426031209.OUT.good,3066767_109578365386,20260426031209,2026-04-26 03:12:09,False,True,True
82824,2026,07,09,2025,to_82824_INDV_MONTHLYDISCREPANCY_2025_20260709123547.OUT.good,to_82824_INDV_MONTHLYDISCREPANCY_2025_20260709123547.OUT.good,/archive/out/good/PAS/82824/2026/07/09/1_369650613829/to_82824_INDV_MONTHLYDISCREPANCY_2025_20260709123547.OUT.good,1_369650613829,20260709123547,2026-07-09 12:35:47,False,True,True
83502,2026,01,06,2025,to_83502_INDV_MONTHLYDISCREPANCY_2025_20260106065302.OUT.good.gz,to_83502_INDV_MONTHLYDISCREPANCY_2025_20260106065302.OUT.good,/archive/out/good/PAS/83502/2026/01/06/1756814_433388650662/to_83502_INDV_MONTHLYDISCREPANCY_2025_20260106065302.OUT.good.gz,1756814_433388650662,20260106065302,2026-01-06 06:53:02,False,True,True
83502,2026,01,06,2026,to_83502_INDV_MONTHLYDISCREPANCY_2026_20260106065316.OUT.good.gz,to_83502_INDV_MONTHLYDISCREPANCY_2026_20260106065316.OUT.good,/archive/out/good/PAS/83502/2026/01/06/1756814_85146253350/to_83502_INDV_MONTHLYDISCREPANCY_2026_20260106065316.OUT.good.gz,1756814_85146253350,20260106065316,2026-01-06 06:53:16,False,False,True
83502,2026,02,06,2025,to_83502_INDV_MONTHLYDISCREPANCY_2025_20260206033500.OUT.good.gz,to_83502_INDV_MONTHLYDISCREPANCY_2025_20260206033500.OUT.good,/archive/out/good/PAS/83502/2026/02/06/3558332_232746334619/to_83502_INDV_MONTHLYDISCREPANCY_2025_20260206033500.OUT.good.gz,3558332_232746334619,20260206033500,2026-02-06 03:35:00,False,True,True
83502,2026,02,06,2026,to_83502_INDV_MONTHLYDISCREPANCY_2026_20260206033453.OUT.good.gz,to_83502_INDV_MONTHLYDISCREPANCY_2026_20260206033453.OUT.good,/archive/out/good/PAS/83502/2026/02/06/3558332_83866168274/to_83502_INDV_MONTHLYDISCREPANCY_2026_20260206033453.OUT.good.gz,3558332_83866168274,20260206033453,2026-02-06 03:34:53,False,False,True
83502,2026,03,05,2025,to_83502_INDV_MONTHLYDISCREPANCY_2025_20260305054017.OUT.good,to_83502_INDV_MONTHLYDISCREPANCY_2025_20260305054017.OUT.good,/archive/out/good/PAS/83502/2026/03/05/3558332_664367839748/to_83502_INDV_MONTHLYDISCREPANCY_2025_20260305054017.OUT.good,3558332_664367839748,20260305054017,2026-03-05 05:40:17,False,True,True
83502,2026,03,05,2026,to_83502_INDV_MONTHLYDISCREPANCY_2026_20260305054008.OUT.good,to_83502_INDV_MONTHLYDISCREPANCY_2026_20260305054008.OUT.good,/archive/out/good/PAS/83502/2026/03/05/3558332_692253470490/to_83502_INDV_MONTHLYDISCREPANCY_2026_20260305054008.OUT.good,3558332_692253470490,20260305054008,2026-03-05 05:40:08,False,False,True
83502,2026,04,08,2026,to_83502_INDV_MONTHLYDISCREPANCY_2026_20260408142210.OUT.good,to_83502_INDV_MONTHLYDISCREPANCY_2026_20260408142210.OUT.good,/archive/out/good/PAS/83502/2026/04/08/3066767_596214301546/to_83502_INDV_MONTHLYDISCREPANCY_2026_20260408142210.OUT.good,3066767_596214301546,20260408142210,2026-04-08 14:22:10,False,False,True
83502,2026,04,08,2025,to_83502_INDV_MONTHLYDISCREPANCY_2025_20260408142659.OUT.good,to_83502_INDV_MONTHLYDISCREPANCY_2025_20260408142659.OUT.good,/archive/out/good/PAS/83502/2026/04/08/3066767_997955786273/to_83502_INDV_MONTHLYDISCREPANCY_2025_20260408142659.OUT.good,3066767_997955786273,20260408142659,2026-04-08 14:26:59,False,True,True
83502,2026,04,25,2026,to_83502_INDV_MONTHLYDISCREPANCY_2026_20260426024455.OUT.good,to_83502_INDV_MONTHLYDISCREPANCY_2026_20260426024455.OUT.good,/archive/out/good/PAS/83502/2026/04/25/3066767_267728647739/to_83502_INDV_MONTHLYDISCREPANCY_2026_20260426024455.OUT.good,3066767_267728647739,20260426024455,2026-04-26 02:44:55,False,False,True
83502,2026,04,25,2025,to_83502_INDV_MONTHLYDISCREPANCY_2025_20260426025337.OUT.good,to_83502_INDV_MONTHLYDISCREPANCY_2025_20260426025337.OUT.good,/archive/out/good/PAS/83502/2026/04/25/3066767_712360632849/to_83502_INDV_MONTHLYDISCREPANCY_2025_20260426025337.OUT.good,3066767_712360632849,20260426025337,2026-04-26 02:53:37,False,True,True
83502,2026,05,04,2026,to_83502_INDV_MONTHLYDISCREPANCY_2026_20260504223812.OUT.good,to_83502_INDV_MONTHLYDISCREPANCY_2026_20260504223812.OUT.good,/archive/out/good/PAS/83502/2026/05/04/3066767_340739787914/to_83502_INDV_MONTHLYDISCREPANCY_2026_20260504223812.OUT.good,3066767_340739787914,20260504223812,2026-05-04 22:38:12,False,False,True
83502,2026,06,05,2026,to_83502_INDV_MONTHLYDISCREPANCY_2026_20260605221918.OUT.good,to_83502_INDV_MONTHLYDISCREPANCY_2026_20260605221918.OUT.good,/archive/out/good/PAS/83502/2026/06/05/4081_157517768505/to_83502_INDV_MONTHLYDISCREPANCY_2026_20260605221918.OUT.good,4081_157517768505,20260605221918,2026-06-05 22:19:18,False,False,True
83502,2026,06,05,2025,to_83502_INDV_MONTHLYDISCREPANCY_2025_20260605221903.OUT.good,to_83502_INDV_MONTHLYDISCREPANCY_2025_20260605221903.OUT.good,/archive/out/good/PAS/83502/2026/06/05/4081_892178792090/to_83502_INDV_MONTHLYDISCREPANCY_2025_20260605221903.OUT.good,4081_892178792090,20260605221903,2026-06-05 22:19:03,False,True,True
83502,2026,07,05,2026,to_83502_INDV_MONTHLYDISCREPANCY_2026_20260704222148.OUT.good,to_83502_INDV_MONTHLYDISCREPANCY_2026_20260704222148.OUT.good,/archive/out/good/PAS/83502/2026/07/05/1_577287067783/to_83502_INDV_MONTHLYDISCREPANCY_2026_20260704222148.OUT.good,1_577287067783,20260704222148,2026-07-04 22:21:48,False,False,True
83502,2026,07,05,2025,to_83502_INDV_MONTHLYDISCREPANCY_2025_20260704222128.OUT.good,to_83502_INDV_MONTHLYDISCREPANCY_2025_20260704222128.OUT.good,/archive/out/good/PAS/83502/2026/07/05/1_691531584970/to_83502_INDV_MONTHLYDISCREPANCY_2025_20260704222128.OUT.good,1_691531584970,20260704222128,2026-07-04 22:21:28,False,True,True
83502,2026,08,05,2026,to_83502_INDV_MONTHLYDISCREPANCY_2026_20260805015742.OUT.good,to_83502_INDV_MONTHLYDISCREPANCY_2026_20260805015742.OUT.good,/archive/out/good/PAS/83502/2026/08/05/1_530963686291/to_83502_INDV_MONTHLYDISCREPANCY_2026_20260805015742.OUT.good,1_530963686291,20260805015742,2026-08-05 01:57:42,False,False,True
83502,2026,08,05,2025,to_83502_INDV_MONTHLYDISCREPANCY_2025_20260805015708.OUT.good,to_83502_INDV_MONTHLYDISCREPANCY_2025_20260805015708.OUT.good,/archive/out/good/PAS/83502/2026/08/05/1_879717940729/to_83502_INDV_MONTHLYDISCREPANCY_2025_20260805015708.OUT.good,1_879717940729,20260805015708,2026-08-05 01:57:08,False,True,True
83761,2026,01,06,2025,to_83761_INDV_MONTHLYDISCREPANCY_2025_20260106065957.OUT.good.gz,to_83761_INDV_MONTHLYDISCREPANCY_2025_20260106065957.OUT.good,/archive/out/good/PAS/83761/2026/01/06/1756814_106362639357/to_83761_INDV_MONTHLYDISCREPANCY_2025_20260106065957.OUT.good.gz,1756814_106362639357,20260106065957,2026-01-06 06:59:57,False,True,True
83761,2026,01,07,2026,to_83761_INDV_MONTHLYDISCREPANCY_2026_20260107211333.OUT.good.gz,to_83761_INDV_MONTHLYDISCREPANCY_2026_20260107211333.OUT.good,/archive/out/good/PAS/83761/2026/01/07/30434_413597021429/to_83761_INDV_MONTHLYDISCREPANCY_2026_20260107211333.OUT.good.gz,30434_413597021429,20260107211333,2026-01-07 21:13:33,False,False,True
83761,2026,02,05,2026,to_83761_INDV_MONTHLYDISCREPANCY_2026_20260206015606.OUT.good.gz,to_83761_INDV_MONTHLYDISCREPANCY_2026_20260206015606.OUT.good,/archive/out/good/PAS/83761/2026/02/05/3558332_149563701115/to_83761_INDV_MONTHLYDISCREPANCY_2026_20260206015606.OUT.good.gz,3558332_149563701115,20260206015606,2026-02-06 01:56:06,False,False,True
83761,2026,02,05,2025,to_83761_INDV_MONTHLYDISCREPANCY_2025_20260206015012.OUT.good,to_83761_INDV_MONTHLYDISCREPANCY_2025_20260206015012.OUT.good,/archive/out/good/PAS/83761/2026/02/05/3558332_921300506728/to_83761_INDV_MONTHLYDISCREPANCY_2025_20260206015012.OUT.good,3558332_921300506728,20260206015012,2026-02-06 01:50:12,False,True,True
83761,2026,03,05,2026,to_83761_INDV_MONTHLYDISCREPANCY_2026_20260305054455.OUT.good,to_83761_INDV_MONTHLYDISCREPANCY_2026_20260305054455.OUT.good,/archive/out/good/PAS/83761/2026/03/05/3558332_605500228542/to_83761_INDV_MONTHLYDISCREPANCY_2026_20260305054455.OUT.good,3558332_605500228542,20260305054455,2026-03-05 05:44:55,False,False,True
83761,2026,03,05,2025,to_83761_INDV_MONTHLYDISCREPANCY_2025_20260305054845.OUT.good,to_83761_INDV_MONTHLYDISCREPANCY_2025_20260305054845.OUT.good,/archive/out/good/PAS/83761/2026/03/05/3558332_942893661703/to_83761_INDV_MONTHLYDISCREPANCY_2025_20260305054845.OUT.good,3558332_942893661703,20260305054845,2026-03-05 05:48:45,False,True,True
83761,2026,03,06,2026,to_83761_INDV_MONTHLYDISCREPANCY_2026_20260307021614.OUT.good,to_83761_INDV_MONTHLYDISCREPANCY_2026_20260307021614.OUT.good,/archive/out/good/PAS/83761/2026/03/06/3558332_25862699083/to_83761_INDV_MONTHLYDISCREPANCY_2026_20260307021614.OUT.good,3558332_25862699083,20260307021614,2026-03-07 02:16:14,False,False,True
83761,2026,03,06,2025,to_83761_INDV_MONTHLYDISCREPANCY_2025_20260307021621.OUT.good,to_83761_INDV_MONTHLYDISCREPANCY_2025_20260307021621.OUT.good,/archive/out/good/PAS/83761/2026/03/06/3558332_937356643230/to_83761_INDV_MONTHLYDISCREPANCY_2025_20260307021621.OUT.good,3558332_937356643230,20260307021621,2026-03-07 02:16:21,False,True,True
83761,2026,04,08,2026,to_83761_INDV_MONTHLYDISCREPANCY_2026_20260408144011.OUT.good,to_83761_INDV_MONTHLYDISCREPANCY_2026_20260408144011.OUT.good,/archive/out/good/PAS/83761/2026/04/08/3066767_929037332671/to_83761_INDV_MONTHLYDISCREPANCY_2026_20260408144011.OUT.good,3066767_929037332671,20260408144011,2026-04-08 14:40:11,False,False,True
83761,2026,04,08,2025,to_83761_INDV_MONTHLYDISCREPANCY_2025_20260408143639.OUT.good,to_83761_INDV_MONTHLYDISCREPANCY_2025_20260408143639.OUT.good,/archive/out/good/PAS/83761/2026/04/08/3066767_984972087714/to_83761_INDV_MONTHLYDISCREPANCY_2025_20260408143639.OUT.good,3066767_984972087714,20260408143639,2026-04-08 14:36:39,False,True,True
83761,2026,04,26,2026,to_83761_INDV_MONTHLYDISCREPANCY_2026_20260426030545.OUT.good,to_83761_INDV_MONTHLYDISCREPANCY_2026_20260426030545.OUT.good,/archive/out/good/PAS/83761/2026/04/26/3066767_145101779319/to_83761_INDV_MONTHLYDISCREPANCY_2026_20260426030545.OUT.good,3066767_145101779319,20260426030545,2026-04-26 03:05:45,False,False,True
83761,2026,04,26,2025,to_83761_INDV_MONTHLYDISCREPANCY_2025_20260426030749.OUT.good,to_83761_INDV_MONTHLYDISCREPANCY_2025_20260426030749.OUT.good,/archive/out/good/PAS/83761/2026/04/26/3066767_303812562014/to_83761_INDV_MONTHLYDISCREPANCY_2025_20260426030749.OUT.good,3066767_303812562014,20260426030749,2026-04-26 03:07:49,False,True,True
83761,2026,05,05,2026,to_83761_INDV_MONTHLYDISCREPANCY_2026_20260506010521.OUT.good,to_83761_INDV_MONTHLYDISCREPANCY_2026_20260506010521.OUT.good,/archive/out/good/PAS/83761/2026/05/05/3066767_149308232565/to_83761_INDV_MONTHLYDISCREPANCY_2026_20260506010521.OUT.good,3066767_149308232565,20260506010521,2026-05-06 01:05:21,False,False,True
83761,2026,06,04,2026,to_83761_INDV_MONTHLYDISCREPANCY_2026_20260605015459.OUT.good,to_83761_INDV_MONTHLYDISCREPANCY_2026_20260605015459.OUT.good,/archive/out/good/PAS/83761/2026/06/04/4081_386779970707/to_83761_INDV_MONTHLYDISCREPANCY_2026_20260605015459.OUT.good,4081_386779970707,20260605015459,2026-06-05 01:54:59,False,False,True
83761,2026,07,09,2025,to_83761_INDV_MONTHLYDISCREPANCY_2025_20260709123157.OUT.good,to_83761_INDV_MONTHLYDISCREPANCY_2025_20260709123157.OUT.good,/archive/out/good/PAS/83761/2026/07/09/1_551200886980/to_83761_INDV_MONTHLYDISCREPANCY_2025_20260709123157.OUT.good,1_551200886980,20260709123157,2026-07-09 12:31:57,False,True,True
83761,2026,07,09,2026,to_83761_INDV_MONTHLYDISCREPANCY_2026_20260709122857.OUT.good,to_83761_INDV_MONTHLYDISCREPANCY_2026_20260709122857.OUT.good,/archive/out/good/PAS/83761/2026/07/09/1_755839360455/to_83761_INDV_MONTHLYDISCREPANCY_2026_20260709122857.OUT.good,1_755839360455,20260709122857,2026-07-09 12:28:57,False,False,True
83761,2026,08,05,2026,to_83761_INDV_MONTHLYDISCREPANCY_2026_20260805020513.OUT.good,to_83761_INDV_MONTHLYDISCREPANCY_2026_20260805020513.OUT.good,/archive/out/good/PAS/83761/2026/08/05/1_623194400213/to_83761_INDV_MONTHLYDISCREPANCY_2026_20260805020513.OUT.good,1_623194400213,20260805020513,2026-08-05 02:05:13,False,False,True
86637,2026,01,15,2026,to_86637_INDV_MONTHLYDISCREPANCY_2026_20260115202859.OUT.good.gz,to_86637_INDV_MONTHLYDISCREPANCY_2026_20260115202859.OUT.good,/archive/out/good/PAS/86637/2026/01/15/30434_614591093785/to_86637_INDV_MONTHLYDISCREPANCY_2026_20260115202859.OUT.good.gz,30434_614591093785,20260115202859,2026-01-15 20:28:59,False,False,True
86637,2026,01,22,2025,to_86637_INDV_MONTHLYDISCREPANCY_2025_20260122225517.OUT.good.gz,to_86637_INDV_MONTHLYDISCREPANCY_2025_20260122225517.OUT.good,/archive/out/good/PAS/86637/2026/01/22/30434_52317462883/to_86637_INDV_MONTHLYDISCREPANCY_2025_20260122225517.OUT.good.gz,30434_52317462883,20260122225517,2026-01-22 22:55:17,False,True,True
86637,2026,02,12,2026,to_86637_INDV_MONTHLYDISCREPANCY_2026_20260212042145.OUT.good.gz,to_86637_INDV_MONTHLYDISCREPANCY_2026_20260212042145.OUT.good,/archive/out/good/PAS/86637/2026/02/12/3558332_892328911023/to_86637_INDV_MONTHLYDISCREPANCY_2026_20260212042145.OUT.good.gz,3558332_892328911023,20260212042145,2026-02-12 04:21:45,False,False,True
86637,2026,03,12,2026,to_86637_INDV_MONTHLYDISCREPANCY_2026_20260313024900.OUT.good,to_86637_INDV_MONTHLYDISCREPANCY_2026_20260313024900.OUT.good,/archive/out/good/PAS/86637/2026/03/12/13772_133985562210/to_86637_INDV_MONTHLYDISCREPANCY_2026_20260313024900.OUT.good,13772_133985562210,20260313024900,2026-03-13 02:49:00,False,False,True
86637,2026,03,12,2025,to_86637_INDV_MONTHLYDISCREPANCY_2025_20260313024910.OUT.good,to_86637_INDV_MONTHLYDISCREPANCY_2025_20260313024910.OUT.good,/archive/out/good/PAS/86637/2026/03/12/13772_887126896175/to_86637_INDV_MONTHLYDISCREPANCY_2025_20260313024910.OUT.good,13772_887126896175,20260313024910,2026-03-13 02:49:10,False,True,True
86637,2026,04,13,2026,to_86637_INDV_MONTHLYDISCREPANCY_2026_20260413231316.OUT.good,to_86637_INDV_MONTHLYDISCREPANCY_2026_20260413231316.OUT.good,/archive/out/good/PAS/86637/2026/04/13/3066767_227026818924/to_86637_INDV_MONTHLYDISCREPANCY_2026_20260413231316.OUT.good,3066767_227026818924,20260413231316,2026-04-13 23:13:16,False,False,True
86637,2026,04,13,2025,to_86637_INDV_MONTHLYDISCREPANCY_2025_20260413225556.OUT.good,to_86637_INDV_MONTHLYDISCREPANCY_2025_20260413225556.OUT.good,/archive/out/good/PAS/86637/2026/04/13/3066767_252409234405/to_86637_INDV_MONTHLYDISCREPANCY_2025_20260413225556.OUT.good,3066767_252409234405,20260413225556,2026-04-13 22:55:56,False,True,True
86637,2026,05,12,2026,to_86637_INDV_MONTHLYDISCREPANCY_2026_20260512060951.OUT.good,to_86637_INDV_MONTHLYDISCREPANCY_2026_20260512060951.OUT.good,/archive/out/good/PAS/86637/2026/05/12/3066767_470183651216/to_86637_INDV_MONTHLYDISCREPANCY_2026_20260512060951.OUT.good,3066767_470183651216,20260512060951,2026-05-12 06:09:51,False,False,True
86637,2026,06,17,2026,to_86637_INDV_MONTHLYDISCREPANCY_2026_20260617063243.OUT.good,to_86637_INDV_MONTHLYDISCREPANCY_2026_20260617063243.OUT.good,/archive/out/good/PAS/86637/2026/06/17/4081_981502892062/to_86637_INDV_MONTHLYDISCREPANCY_2026_20260617063243.OUT.good,4081_981502892062,20260617063243,2026-06-17 06:32:43,False,False,True
86637,2026,07,16,2025,to_86637_INDV_MONTHLYDISCREPANCY_2025_20260716130633.OUT.good,to_86637_INDV_MONTHLYDISCREPANCY_2025_20260716130633.OUT.good,/archive/out/good/PAS/86637/2026/07/16/1_104880866616/to_86637_INDV_MONTHLYDISCREPANCY_2025_20260716130633.OUT.good,1_104880866616,20260716130633,2026-07-16 13:06:33,False,True,True
86637,2026,07,16,2026,to_86637_INDV_MONTHLYDISCREPANCY_2026_20260716131325.OUT.good,to_86637_INDV_MONTHLYDISCREPANCY_2026_20260716131325.OUT.good,/archive/out/good/PAS/86637/2026/07/16/1_117683808691/to_86637_INDV_MONTHLYDISCREPANCY_2026_20260716131325.OUT.good,1_117683808691,20260716131325,2026-07-16 13:13:25,False,False,True
86637,2026,08,12,2026,to_86637_INDV_MONTHLYDISCREPANCY_2026_20260812055617.OUT.good,to_86637_INDV_MONTHLYDISCREPANCY_2026_20260812055617.OUT.good,/archive/out/good/PAS/86637/2026/08/12/1_176687687156/to_86637_INDV_MONTHLYDISCREPANCY_2026_20260812055617.OUT.good,1_176687687156,20260812055617,2026-08-12 05:56:17,False,False,True
89942,2026,01,04,2025,to_89942_INDV_MONTHLYDISCREPANCY_2025_20260104052311.OUT.good.gz,to_89942_INDV_MONTHLYDISCREPANCY_2025_20260104052311.OUT.good,/archive/out/good/PAS/89942/2026/01/04/1756814_798212090611/to_89942_INDV_MONTHLYDISCREPANCY_2025_20260104052311.OUT.good.gz,1756814_798212090611,20260104052311,2026-01-04 05:23:11,False,True,True
89942,2026,01,04,2026,to_89942_INDV_MONTHLYDISCREPANCY_2026_20260104052816.OUT.good.gz,to_89942_INDV_MONTHLYDISCREPANCY_2026_20260104052816.OUT.good,/archive/out/good/PAS/89942/2026/01/04/1756814_896761075307/to_89942_INDV_MONTHLYDISCREPANCY_2026_20260104052816.OUT.good.gz,1756814_896761075307,20260104052816,2026-01-04 05:28:16,False,False,True
89942,2026,02,04,2025,to_89942_INDV_MONTHLYDISCREPANCY_2025_20260204065316.OUT.good,to_89942_INDV_MONTHLYDISCREPANCY_2025_20260204065316.OUT.good,/archive/out/good/PAS/89942/2026/02/04/3558332_401343017243/to_89942_INDV_MONTHLYDISCREPANCY_2025_20260204065316.OUT.good,3558332_401343017243,20260204065316,2026-02-04 06:53:16,False,True,True
89942,2026,02,04,2026,to_89942_INDV_MONTHLYDISCREPANCY_2026_20260204070519.OUT.good,to_89942_INDV_MONTHLYDISCREPANCY_2026_20260204070519.OUT.good,/archive/out/good/PAS/89942/2026/02/04/3558332_913021787185/to_89942_INDV_MONTHLYDISCREPANCY_2026_20260204070519.OUT.good,3558332_913021787185,20260204070519,2026-02-04 07:05:19,False,False,True
89942,2026,03,04,2025,to_89942_INDV_MONTHLYDISCREPANCY_2025_20260304071200.OUT.good,to_89942_INDV_MONTHLYDISCREPANCY_2025_20260304071200.OUT.good,/archive/out/good/PAS/89942/2026/03/04/3558332_292370780949/to_89942_INDV_MONTHLYDISCREPANCY_2025_20260304071200.OUT.good,3558332_292370780949,20260304071200,2026-03-04 07:12:00,False,True,True
89942,2026,03,04,2025,to_89942_INDV_MONTHLYDISCREPANCY_2025_20260304111758.OUT.good,to_89942_INDV_MONTHLYDISCREPANCY_2025_20260304111758.OUT.good,/archive/out/good/PAS/89942/2026/03/04/3558332_682628134032/to_89942_INDV_MONTHLYDISCREPANCY_2025_20260304111758.OUT.good,3558332_682628134032,20260304111758,2026-03-04 11:17:58,False,True,True
89942,2026,03,04,2026,to_89942_INDV_MONTHLYDISCREPANCY_2026_20260304081906.OUT.good,to_89942_INDV_MONTHLYDISCREPANCY_2026_20260304081906.OUT.good,/archive/out/good/PAS/89942/2026/03/04/3558332_933911048320/to_89942_INDV_MONTHLYDISCREPANCY_2026_20260304081906.OUT.good,3558332_933911048320,20260304081906,2026-03-04 08:19:06,False,False,True
89942,2026,04,08,2026,to_89942_INDV_MONTHLYDISCREPANCY_2026_20260408145253.OUT.good,to_89942_INDV_MONTHLYDISCREPANCY_2026_20260408145253.OUT.good,/archive/out/good/PAS/89942/2026/04/08/3066767_774751806066/to_89942_INDV_MONTHLYDISCREPANCY_2026_20260408145253.OUT.good,3066767_774751806066,20260408145253,2026-04-08 14:52:53,False,False,True
89942,2026,04,08,2025,to_89942_INDV_MONTHLYDISCREPANCY_2025_20260408144439.OUT.good,to_89942_INDV_MONTHLYDISCREPANCY_2025_20260408144439.OUT.good,/archive/out/good/PAS/89942/2026/04/08/3066767_840801578417/to_89942_INDV_MONTHLYDISCREPANCY_2025_20260408144439.OUT.good,3066767_840801578417,20260408144439,2026-04-08 14:44:39,False,True,True
89942,2026,04,26,2026,to_89942_INDV_MONTHLYDISCREPANCY_2026_20260426031313.OUT.good,to_89942_INDV_MONTHLYDISCREPANCY_2026_20260426031313.OUT.good,/archive/out/good/PAS/89942/2026/04/26/3066767_244980315709/to_89942_INDV_MONTHLYDISCREPANCY_2026_20260426031313.OUT.good,3066767_244980315709,20260426031313,2026-04-26 03:13:13,False,False,True
89942,2026,04,26,2025,to_89942_INDV_MONTHLYDISCREPANCY_2025_20260426030654.OUT.good,to_89942_INDV_MONTHLYDISCREPANCY_2025_20260426030654.OUT.good,/archive/out/good/PAS/89942/2026/04/26/3066767_793323698718/to_89942_INDV_MONTHLYDISCREPANCY_2025_20260426030654.OUT.good,3066767_793323698718,20260426030654,2026-04-26 03:06:54,False,True,True
89942,2026,05,04,2026,to_89942_INDV_MONTHLYDISCREPANCY_2026_20260504083643.OUT.good,to_89942_INDV_MONTHLYDISCREPANCY_2026_20260504083643.OUT.good,/archive/out/good/PAS/89942/2026/05/04/3066767_623187124294/to_89942_INDV_MONTHLYDISCREPANCY_2026_20260504083643.OUT.good,3066767_623187124294,20260504083643,2026-05-04 08:36:43,False,False,True
89942,2026,05,04,2025,to_89942_INDV_MONTHLYDISCREPANCY_2025_20260504082048.OUT.good,to_89942_INDV_MONTHLYDISCREPANCY_2025_20260504082048.OUT.good,/archive/out/good/PAS/89942/2026/05/04/3066767_733848521069/to_89942_INDV_MONTHLYDISCREPANCY_2025_20260504082048.OUT.good,3066767_733848521069,20260504082048,2026-05-04 08:20:48,False,True,True
89942,2026,06,04,2025,to_89942_INDV_MONTHLYDISCREPANCY_2025_20260604080858.OUT.good,to_89942_INDV_MONTHLYDISCREPANCY_2025_20260604080858.OUT.good,/archive/out/good/PAS/89942/2026/06/04/4081_137089419559/to_89942_INDV_MONTHLYDISCREPANCY_2025_20260604080858.OUT.good,4081_137089419559,20260604080858,2026-06-04 08:08:58,False,True,True
89942,2026,06,04,2026,to_89942_INDV_MONTHLYDISCREPANCY_2026_20260604081520.OUT.good,to_89942_INDV_MONTHLYDISCREPANCY_2026_20260604081520.OUT.good,/archive/out/good/PAS/89942/2026/06/04/4081_736555425561/to_89942_INDV_MONTHLYDISCREPANCY_2026_20260604081520.OUT.good,4081_736555425561,20260604081520,2026-06-04 08:15:20,False,False,True
89942,2026,07,09,2025,to_89942_INDV_MONTHLYDISCREPANCY_2025_20260709123205.OUT.good,to_89942_INDV_MONTHLYDISCREPANCY_2025_20260709123205.OUT.good,/archive/out/good/PAS/89942/2026/07/09/1_156700483031/to_89942_INDV_MONTHLYDISCREPANCY_2025_20260709123205.OUT.good,1_156700483031,20260709123205,2026-07-09 12:32:05,False,True,True
89942,2026,07,09,2026,to_89942_INDV_MONTHLYDISCREPANCY_2026_20260709124042.OUT.good,to_89942_INDV_MONTHLYDISCREPANCY_2026_20260709124042.OUT.good,/archive/out/good/PAS/89942/2026/07/09/1_545633421476/to_89942_INDV_MONTHLYDISCREPANCY_2026_20260709124042.OUT.good,1_545633421476,20260709124042,2026-07-09 12:40:42,False,False,True
89942,2026,08,04,2026,to_89942_INDV_MONTHLYDISCREPANCY_2026_20260804083814.OUT.good,to_89942_INDV_MONTHLYDISCREPANCY_2026_20260804083814.OUT.good,/archive/out/good/PAS/89942/2026/08/04/1_156020264394/to_89942_INDV_MONTHLYDISCREPANCY_2026_20260804083814.OUT.good,1_156020264394,20260804083814,2026-08-04 08:38:14,False,False,True
89942,2026,08,04,2025,to_89942_INDV_MONTHLYDISCREPANCY_2025_20260804082614.OUT.good,to_89942_INDV_MONTHLYDISCREPANCY_2025_20260804082614.OUT.good,/archive/out/good/PAS/89942/2026/08/04/1_500973502209/to_89942_INDV_MONTHLYDISCREPANCY_2025_20260804082614.OUT.good,1_500973502209,20260804082614,2026-08-04 08:26:14,False,True,True
89942,2026,09,04,2024,to_89942_INDV_MONTHLYDISCREPANCY_2024_20260904013832.OUT.good,to_89942_INDV_MONTHLYDISCREPANCY_2024_20260904013832.OUT.good,/archive/out/good/PAS/89942/2026/09/04/1_573426320104/to_89942_INDV_MONTHLYDISCREPANCY_2024_20260904013832.OUT.good,1_573426320104,20260904013832,2026-09-04 01:38:32,False,True,True
89942,2026,09,04,2025,to_89942_INDV_MONTHLYDISCREPANCY_2025_20260904014254.OUT.good,to_89942_INDV_MONTHLYDISCREPANCY_2025_20260904014254.OUT.good,/archive/out/good/PAS/89942/2026/09/04/1_880052972250/to_89942_INDV_MONTHLYDISCREPANCY_2025_20260904014254.OUT.good,1_880052972250,20260904014254,2026-09-04 01:42:54,False,True,True
